Minimum_of_Luminosity,Steel_Plate_Thickness,Pastry,Z_Scratch,K_Scratch,Bumps,Target
-0.26609870748602676,0.022919807412130767,3.3592871455983446,-0.32940768537900034,-0.5022529885586836,-0.5110856845951085,0
-0.017079197461135388,0.022919807412130767,3.3592871455983446,-0.32940768537900034,-0.5022529885586836,-0.5110856845951085,0
0.4498323838355359,0.3860818171014863,3.3592871455983446,-0.32940768537900034,-0.5022529885586836,-0.5110856845951085,0
0.4498323838355359,3.836120909150364,3.3592871455983446,-0.32940768537900034,-0.5022529885586836,-0.5110856845951085,0
-1.4800688188573723,1.9295203582812472,3.3592871455983446,-0.32940768537900034,-0.5022529885586836,-0.5110856845951085,0
-0.6396279725233638,-0.7034042119665803,3.3592871455983446,-0.32940768537900034,-0.5022529885586836,-0.5110856845951085,0
-1.915852961400932,1.2939868413248752,3.3592871455983446,-0.32940768537900034,-0.5022529885586836,-0.5110856845951085,0
1.2280183526633215,1.2939868413248752,3.3592871455983446,-0.32940768537900034,-0.5022529885586836,-0.5110856845951085,0
-0.9820297988075894,1.2939868413248752,3.3592871455983446,-0.32940768537900034,-0.5022529885586836,-0.5110856845951085,0
-0.9820297988075894,1.2939868413248752,3.3592871455983446,-0.32940768537900034,-0.5022529885586836,-0.5110856845951085,0
-0.26609870748602676,1.2939868413248752,3.3592871455983446,-0.32940768537900034,-0.5022529885586836,-0.5110856845951085,0
0.3875775063293131,1.2939868413248752,3.3592871455983446,-0.32940768537900034,-0.5022529885586836,-0.5110856845951085,0
0.5432147000948702,1.2939868413248752,3.3592871455983446,-0.32940768537900034,-0.5022529885586836,-0.5110856845951085,0
-0.7018828500295867,1.2939868413248752,3.3592871455983446,-0.32940768537900034,-0.5022529885586836,-0.5110856845951085,0
-1.5111962576104836,1.2939868413248752,3.3592871455983446,-0.32940768537900034,-0.5022529885586836,-0.5110856845951085,0
-1.0754121150669238,1.2939868413248752,3.3592871455983446,-0.32940768537900034,-0.5022529885586836,-0.5110856845951085,0
-2.2893822264382693,1.2939868413248752,3.3592871455983446,-0.32940768537900034,-0.5022529885586836,-0.5110856845951085,0
-0.1727163912266925,1.2939868413248752,3.3592871455983446,-0.32940768537900034,-0.5022529885586836,-0.5110856845951085,0
0.231940312563756,1.2939868413248752,3.3592871455983446,-0.32940768537900034,-0.5022529885586836,-0.5110856845951085,0
0.3564500675762017,2.201891865548264,3.3592871455983446,-0.32940768537900034,-0.5022529885586836,-0.5110856845951085,0
0.07630311879819889,2.201891865548264,3.3592871455983446,-0.32940768537900034,-0.5022529885586836,-0.5110856845951085,0
0.5120872613417587,2.201891865548264,3.3592871455983446,-0.32940768537900034,-0.5022529885586836,-0.5110856845951085,0
0.6988518938604273,2.201891865548264,3.3592871455983446,-0.32940768537900034,-0.5022529885586836,-0.5110856845951085,0
0.231940312563756,2.201891865548264,3.3592871455983446,-0.32940768537900034,-0.5022529885586836,-0.5110856845951085,0
1.1968909139102102,2.201891865548264,3.3592871455983446,-0.32940768537900034,-0.5022529885586836,-0.5110856845951085,0
-0.23497126873291535,-0.7034042119665803,3.3592871455983446,-0.32940768537900034,-0.5022529885586836,-0.5110856845951085,0
-0.2972261462391382,-0.7034042119665803,3.3592871455983446,-0.32940768537900034,-0.5022529885586836,-0.5110856845951085,0
0.3875775063293131,-0.7034042119665803,3.3592871455983446,-0.32940768537900034,-0.5022529885586836,-0.5110856845951085,0
-1.604578573869818,-0.7034042119665803,3.3592871455983446,-0.32940768537900034,-0.5022529885586836,-0.5110856845951085,0
-1.0442846763138123,-0.7034042119665803,3.3592871455983446,-0.32940768537900034,-0.5022529885586836,-0.5110856845951085,0
0.4498323838355359,-0.7034042119665803,3.3592871455983446,-0.32940768537900034,-0.5022529885586836,-0.5110856845951085,0
-1.168794431326258,-0.7034042119665803,3.3592871455983446,-0.32940768537900034,-0.5022529885586836,-0.5110856845951085,0
-0.14158895247358108,-0.7034042119665803,3.3592871455983446,-0.32940768537900034,-0.5022529885586836,-0.5110856845951085,0
-0.4528633400046953,-0.5218232071219026,3.3592871455983446,-0.32940768537900034,-0.5022529885586836,-0.5110856845951085,0
-2.1648724714258236,-0.5218232071219026,3.3592871455983446,-0.32940768537900034,-0.5022529885586836,-0.5110856845951085,0
-0.9197749213013666,-0.5218232071219026,3.3592871455983446,-0.32940768537900034,-0.5022529885586836,-0.5110856845951085,0
-0.9197749213013666,-0.158661197432547,3.3592871455983446,-0.32940768537900034,-0.5022529885586836,-0.5110856845951085,0
-0.23497126873291535,-0.158661197432547,3.3592871455983446,-0.32940768537900034,-0.5022529885586836,-0.5110856845951085,0
-0.359481023745361,-0.7034042119665803,3.3592871455983446,-0.32940768537900034,-0.5022529885586836,-0.5110856845951085,0
-0.1727163912266925,3.109796889771653,3.3592871455983446,-0.32940768537900034,-0.5022529885586836,-0.5110856845951085,0
0.16968543505753314,2.201891865548264,3.3592871455983446,-0.32940768537900034,-0.5022529885586836,-0.5110856845951085,0
-0.6085005337702524,-0.158661197432547,3.3592871455983446,-0.32940768537900034,-0.5022529885586836,-0.5110856845951085,0
-0.577373095017141,-0.7034042119665803,3.3592871455983446,-0.32940768537900034,-0.5022529885586836,-0.5110856845951085,0
0.1074305575513103,-0.7034042119665803,3.3592871455983446,-0.32940768537900034,-0.5022529885586836,-0.5110856845951085,0
0.3564500675762017,-0.3402422022772248,3.3592871455983446,-0.32940768537900034,-0.5022529885586836,-0.5110856845951085,0
-0.5462456562640295,-0.3402422022772248,3.3592871455983446,-0.32940768537900034,-0.5022529885586836,-0.5110856845951085,0
0.014048241291976035,-0.3402422022772248,3.3592871455983446,-0.32940768537900034,-0.5022529885586836,-0.5110856845951085,0
0.20081287381064455,-0.3402422022772248,3.3592871455983446,-0.32940768537900034,-0.5022529885586836,-0.5110856845951085,0
-0.5462456562640295,-0.3402422022772248,3.3592871455983446,-0.32940768537900034,-0.5022529885586836,-0.5110856845951085,0
0.32532262882309027,-0.3402422022772248,3.3592871455983446,-0.32940768537900034,-0.5022529885586836,-0.5110856845951085,0
0.4809598225886474,-0.3402422022772248,3.3592871455983446,-0.32940768537900034,-0.5022529885586836,-0.5110856845951085,0
-1.0442846763138123,-0.3402422022772248,3.3592871455983446,-0.32940768537900034,-0.5022529885586836,-0.5110856845951085,0
-0.3906084624984725,-0.3402422022772248,3.3592871455983446,-0.32940768537900034,-0.5022529885586836,-0.5110856845951085,0
-0.4839907787578067,-0.17681929791701478,3.3592871455983446,-0.32940768537900034,-0.5022529885586836,-0.5110856845951085,0
0.32532262882309027,-0.17681929791701478,3.3592871455983446,-0.32940768537900034,-0.5022529885586836,-0.5110856845951085,0
0.1074305575513103,-0.17681929791701478,3.3592871455983446,-0.32940768537900034,-0.5022529885586836,-0.5110856845951085,0
1.1035085976508758,-0.17681929791701478,3.3592871455983446,-0.32940768537900034,-0.5022529885586836,-0.5110856845951085,0
0.014048241291976035,0.3860818171014863,3.3592871455983446,-0.32940768537900034,-0.5022529885586836,-0.5110856845951085,0
0.29419519006997885,0.3860818171014863,3.3592871455983446,-0.32940768537900034,-0.5022529885586836,-0.5110856845951085,0
0.4498323838355359,0.3860818171014863,3.3592871455983446,-0.32940768537900034,-0.5022529885586836,-0.5110856845951085,0
-0.11046151372046965,0.3860818171014863,3.3592871455983446,-0.32940768537900034,-0.5022529885586836,-0.5110856845951085,0
0.4809598225886474,0.7492438267908418,3.3592871455983446,-0.32940768537900034,-0.5022529885586836,-0.5110856845951085,0
-0.017079197461135388,0.7492438267908418,3.3592871455983446,-0.32940768537900034,-0.5022529885586836,-0.5110856845951085,0
0.07630311879819889,0.3860818171014863,3.3592871455983446,-0.32940768537900034,-0.5022529885586836,-0.5110856845951085,0
0.4498323838355359,0.3860818171014863,3.3592871455983446,-0.32940768537900034,-0.5022529885586836,-0.5110856845951085,0
-0.23497126873291535,0.3860818171014863,3.3592871455983446,-0.32940768537900034,-0.5022529885586836,-0.5110856845951085,0
-0.017079197461135388,0.3860818171014863,3.3592871455983446,-0.32940768537900034,-0.5022529885586836,-0.5110856845951085,0
0.32532262882309027,0.3860818171014863,3.3592871455983446,-0.32940768537900034,-0.5022529885586836,-0.5110856845951085,0
-0.359481023745361,0.3860818171014863,3.3592871455983446,-0.32940768537900034,-0.5022529885586836,-0.5110856845951085,0
-0.4217359012515839,0.3860818171014863,3.3592871455983446,-0.32940768537900034,-0.5022529885586836,-0.5110856845951085,0
-0.23497126873291535,0.3860818171014863,3.3592871455983446,-0.32940768537900034,-0.5022529885586836,-0.5110856845951085,0
-0.11046151372046965,0.3860818171014863,3.3592871455983446,-0.32940768537900034,-0.5022529885586836,-0.5110856845951085,0
0.4498323838355359,0.3860818171014863,3.3592871455983446,-0.32940768537900034,-0.5022529885586836,-0.5110856845951085,0
-0.8263926050420324,2.4016309708774095,3.3592871455983446,-0.32940768537900034,-0.5022529885586836,-0.5110856845951085,0
-0.7018828500295867,2.4016309708774095,3.3592871455983446,-0.32940768537900034,-0.5022529885586836,-0.5110856845951085,0
-0.14158895247358108,1.1668801379336007,3.3592871455983446,-0.32940768537900034,-0.5022529885586836,-0.5110856845951085,0
0.16968543505753314,1.1668801379336007,3.3592871455983446,-0.32940768537900034,-0.5022529885586836,-0.5110856845951085,0
0.5120872613417587,0.022919807412130767,3.3592871455983446,-0.32940768537900034,-0.5022529885586836,-0.5110856845951085,0
-0.6396279725233638,-0.7034042119665803,3.3592871455983446,-0.32940768537900034,-0.5022529885586836,-0.5110856845951085,0
-2.1337450326727123,-0.7034042119665803,3.3592871455983446,-0.32940768537900034,-0.5022529885586836,-0.5110856845951085,0
-1.168794431326258,-0.7034042119665803,3.3592871455983446,-0.32940768537900034,-0.5022529885586836,-0.5110856845951085,0
0.3875775063293131,-0.7034042119665803,3.3592871455983446,-0.32940768537900034,-0.5022529885586836,-0.5110856845951085,0
0.13855799630442173,-0.3402422022772248,3.3592871455983446,-0.32940768537900034,-0.5022529885586836,-0.5110856845951085,0
-1.978107838907155,-0.3402422022772248,3.3592871455983446,-0.32940768537900034,-0.5022529885586836,-0.5110856845951085,0
-0.9197749213013666,2.201891865548264,3.3592871455983446,-0.32940768537900034,-0.5022529885586836,-0.5110856845951085,0
0.29419519006997885,2.5650538752376195,3.3592871455983446,-0.32940768537900034,-0.5022529885586836,-0.5110856845951085,0
0.6677244551073159,2.5650538752376195,3.3592871455983446,-0.32940768537900034,-0.5022529885586836,-0.5110856845951085,0
-0.2038438299798039,-0.7034042119665803,3.3592871455983446,-0.32940768537900034,-0.5022529885586836,-0.5110856845951085,0
0.231940312563756,-0.7034042119665803,3.3592871455983446,-0.32940768537900034,-0.5022529885586836,-0.5110856845951085,0
-0.5151182175109181,-0.7034042119665803,3.3592871455983446,-0.32940768537900034,-0.5022529885586836,-0.5110856845951085,0
-0.6707554112764752,-0.7034042119665803,3.3592871455983446,-0.32940768537900034,-0.5022529885586836,-0.5110856845951085,0
-1.2621767475855923,-0.7034042119665803,3.3592871455983446,-0.32940768537900034,-0.5022529885586836,-0.5110856845951085,0
-0.3906084624984725,-0.7034042119665803,3.3592871455983446,-0.32940768537900034,-0.5022529885586836,-0.5110856845951085,0
-1.106539553820035,0.3860818171014863,3.3592871455983446,-0.32940768537900034,-0.5022529885586836,-0.5110856845951085,0
0.07630311879819889,0.3860818171014863,3.3592871455983446,-0.32940768537900034,-0.5022529885586836,-0.5110856845951085,0
0.20081287381064455,-0.7034042119665803,3.3592871455983446,-0.32940768537900034,-0.5022529885586836,-0.5110856845951085,0
0.5743421388479817,-0.158661197432547,3.3592871455983446,-0.32940768537900034,-0.5022529885586836,-0.5110856845951085,0
0.4498323838355359,-0.158661197432547,3.3592871455983446,-0.32940768537900034,-0.5022529885586836,-0.5110856845951085,0
0.4809598225886474,-0.158661197432547,3.3592871455983446,-0.32940768537900034,-0.5022529885586836,-0.5110856845951085,0
0.32532262882309027,-0.158661197432547,3.3592871455983446,-0.32940768537900034,-0.5022529885586836,-0.5110856845951085,0
0.823361648872873,-0.158661197432547,3.3592871455983446,-0.32940768537900034,-0.5022529885586836,-0.5110856845951085,0
0.13855799630442173,-0.158661197432547,3.3592871455983446,-0.32940768537900034,-0.5022529885586836,-0.5110856845951085,0
-1.106539553820035,0.7492438267908418,3.3592871455983446,-0.32940768537900034,-0.5022529885586836,-0.5110856845951085,0
-0.577373095017141,1.7479393534365695,3.3592871455983446,-0.32940768537900034,-0.5022529885586836,-0.5110856845951085,0
-1.1999218700793695,0.8400343292131808,3.3592871455983446,-0.32940768537900034,-0.5022529885586836,-0.5110856845951085,0
-0.4217359012515839,0.8400343292131808,3.3592871455983446,-0.32940768537900034,-0.5022529885586836,-0.5110856845951085,0
-2.040362716413378,0.8400343292131808,3.3592871455983446,-0.32940768537900034,-0.5022529885586836,-0.5110856845951085,0
0.13855799630442173,0.8400343292131808,3.3592871455983446,-0.32940768537900034,-0.5022529885586836,-0.5110856845951085,0
0.07630311879819889,0.8400343292131808,3.3592871455983446,-0.32940768537900034,-0.5022529885586836,-0.5110856845951085,0
-0.017079197461135388,-0.7034042119665803,3.3592871455983446,-0.32940768537900034,-0.5022529885586836,-0.5110856845951085,0
-0.017079197461135388,-0.5218232071219026,3.3592871455983446,-0.32940768537900034,-0.5022529885586836,-0.5110856845951085,0
-0.5151182175109181,-0.5218232071219026,3.3592871455983446,-0.32940768537900034,-0.5022529885586836,-0.5110856845951085,0
-1.915852961400932,0.20450081225680852,3.3592871455983446,-0.32940768537900034,-0.5022529885586836,-0.5110856845951085,0
0.16968543505753314,0.20450081225680852,3.3592871455983446,-0.32940768537900034,-0.5022529885586836,-0.5110856845951085,0
-1.697960890129152,0.20450081225680852,3.3592871455983446,-0.32940768537900034,-0.5022529885586836,-0.5110856845951085,0
-1.2310493088324808,0.20450081225680852,3.3592871455983446,-0.32940768537900034,-0.5022529885586836,-0.5110856845951085,0
-1.4489413801042608,0.20450081225680852,3.3592871455983446,-0.32940768537900034,-0.5022529885586836,-0.5110856845951085,0
-0.14158895247358108,0.20450081225680852,3.3592871455983446,-0.32940768537900034,-0.5022529885586836,-0.5110856845951085,0
0.13855799630442173,0.20450081225680852,3.3592871455983446,-0.32940768537900034,-0.5022529885586836,-0.5110856845951085,0
0.1074305575513103,0.20450081225680852,3.3592871455983446,-0.32940768537900034,-0.5022529885586836,-0.5110856845951085,0
0.20081287381064455,0.20450081225680852,3.3592871455983446,-0.32940768537900034,-0.5022529885586836,-0.5110856845951085,0
0.04517568004508746,0.20450081225680852,3.3592871455983446,-0.32940768537900034,-0.5022529885586836,-0.5110856845951085,0
0.16968543505753314,0.20450081225680852,3.3592871455983446,-0.32940768537900034,-0.5022529885586836,-0.5110856845951085,0
-0.6396279725233638,0.20450081225680852,3.3592871455983446,-0.32940768537900034,-0.5022529885586836,-0.5110856845951085,0
0.29419519006997885,0.20450081225680852,3.3592871455983446,-0.32940768537900034,-0.5022529885586836,-0.5110856845951085,0
-0.23497126873291535,0.20450081225680852,3.3592871455983446,-0.32940768537900034,-0.5022529885586836,-0.5110856845951085,0
-0.7018828500295867,0.20450081225680852,3.3592871455983446,-0.32940768537900034,-0.5022529885586836,-0.5110856845951085,0
-0.23497126873291535,0.20450081225680852,3.3592871455983446,-0.32940768537900034,-0.5022529885586836,-0.5110856845951085,0
-0.5151182175109181,0.20450081225680852,3.3592871455983446,-0.32940768537900034,-0.5022529885586836,-0.5110856845951085,0
-0.3283535849922496,0.20450081225680852,3.3592871455983446,-0.32940768537900034,-0.5022529885586836,-0.5110856845951085,0
0.014048241291976035,0.20450081225680852,3.3592871455983446,-0.32940768537900034,-0.5022529885586836,-0.5110856845951085,0
-0.6707554112764752,0.20450081225680852,3.3592871455983446,-0.32940768537900034,-0.5022529885586836,-0.5110856845951085,0
-0.7018828500295867,0.20450081225680852,3.3592871455983446,-0.32940768537900034,-0.5022529885586836,-0.5110856845951085,0
-0.11046151372046965,0.20450081225680852,3.3592871455983446,-0.32940768537900034,-0.5022529885586836,-0.5110856845951085,0
-0.017079197461135388,-0.158661197432547,3.3592871455983446,-0.32940768537900034,-0.5022529885586836,-0.5110856845951085,0
-1.697960890129152,-0.158661197432547,3.3592871455983446,-0.32940768537900034,-0.5022529885586836,-0.5110856845951085,0
0.6677244551073159,-0.7034042119665803,3.3592871455983446,-0.32940768537900034,-0.5022529885586836,-0.5110856845951085,0
-0.14158895247358108,-0.7034042119665803,3.3592871455983446,-0.32940768537900034,-0.5022529885586836,-0.5110856845951085,0
-0.1727163912266925,-0.3402422022772248,3.3592871455983446,-0.32940768537900034,-0.5022529885586836,-0.5110856845951085,0
0.7922342101197616,-0.3402422022772248,3.3592871455983446,-0.32940768537900034,-0.5022529885586836,-0.5110856845951085,0
-1.7602157676353751,0.022919807412130767,3.3592871455983446,-0.32940768537900034,-0.5022529885586836,-0.5110856845951085,0
-0.6085005337702524,0.3860818171014863,3.3592871455983446,-0.32940768537900034,-0.5022529885586836,-0.5110856845951085,0
-0.577373095017141,-0.7034042119665803,3.3592871455983446,-0.32940768537900034,-0.5022529885586836,-0.5110856845951085,0
0.13855799630442173,-0.7034042119665803,3.3592871455983446,-0.32940768537900034,-0.5022529885586836,-0.5110856845951085,0
-0.017079197461135388,-0.7034042119665803,3.3592871455983446,-0.32940768537900034,-0.5022529885586836,-0.5110856845951085,0
-1.4800688188573723,-0.7034042119665803,3.3592871455983446,-0.32940768537900034,-0.5022529885586836,-0.5110856845951085,0
-1.106539553820035,-0.7034042119665803,3.3592871455983446,-0.32940768537900034,-0.5022529885586836,-0.5110856845951085,0
-0.5151182175109181,-0.7034042119665803,3.3592871455983446,-0.32940768537900034,-0.5022529885586836,-0.5110856845951085,0
-0.2038438299798039,-0.7034042119665803,3.3592871455983446,-0.32940768537900034,-0.5022529885586836,-0.5110856845951085,0
-0.2972261462391382,-0.7034042119665803,3.3592871455983446,-0.32940768537900034,-0.5022529885586836,-0.5110856845951085,0
0.5432147000948702,-0.158661197432547,3.3592871455983446,-0.32940768537900034,-0.5022529885586836,-0.5110856845951085,0
0.4498323838355359,-0.158661197432547,3.3592871455983446,-0.32940768537900034,-0.5022529885586836,-0.5110856845951085,0
0.3875775063293131,-0.158661197432547,3.3592871455983446,-0.32940768537900034,-0.5022529885586836,-0.5110856845951085,0
0.20081287381064455,-0.158661197432547,3.3592871455983446,-0.32940768537900034,-0.5022529885586836,-0.5110856845951085,0
0.6677244551073159,-0.158661197432547,3.3592871455983446,-0.32940768537900034,-0.5022529885586836,-0.5110856845951085,0
1.1035085976508758,-0.158661197432547,3.3592871455983446,-0.32940768537900034,-0.5022529885586836,-0.5110856845951085,0
0.5743421388479817,-0.158661197432547,3.3592871455983446,-0.32940768537900034,-0.5022529885586836,-0.5110856845951085,0
0.5120872613417587,-0.158661197432547,3.3592871455983446,-0.32940768537900034,-0.5022529885586836,-0.5110856845951085,0
0.9789988426384302,0.3860818171014863,-0.29768220359200137,3.035751879466471,-0.5022529885586836,-0.5110856845951085,0
0.7299793326135388,-0.158661197432547,-0.29768220359200137,3.035751879466471,-0.5022529885586836,-0.5110856845951085,0
0.4809598225886474,-0.158661197432547,-0.29768220359200137,3.035751879466471,-0.5022529885586836,-0.5110856845951085,0
-0.4217359012515839,-0.158661197432547,-0.29768220359200137,3.035751879466471,-0.5022529885586836,-0.5110856845951085,0
0.4498323838355359,-0.158661197432547,-0.29768220359200137,3.035751879466471,-0.5022529885586836,-0.5110856845951085,0
0.7611067713666502,-0.158661197432547,-0.29768220359200137,3.035751879466471,-0.5022529885586836,-0.5110856845951085,0
-0.14158895247358108,-0.158661197432547,-0.29768220359200137,3.035751879466471,-0.5022529885586836,-0.5110856845951085,0
0.3564500675762017,-0.158661197432547,-0.29768220359200137,3.035751879466471,-0.5022529885586836,-0.5110856845951085,0
0.6054695776010931,-0.158661197432547,-0.29768220359200137,3.035751879466471,-0.5022529885586836,-0.5110856845951085,0
0.231940312563756,-0.158661197432547,-0.29768220359200137,3.035751879466471,-0.5022529885586836,-0.5110856845951085,0
-0.1727163912266925,-0.158661197432547,-0.29768220359200137,3.035751879466471,-0.5022529885586836,-0.5110856845951085,0
0.4187049450824245,-0.158661197432547,-0.29768220359200137,3.035751879466471,-0.5022529885586836,-0.5110856845951085,0
-1.1999218700793695,-0.158661197432547,-0.29768220359200137,3.035751879466471,-0.5022529885586836,-0.5110856845951085,0
-1.168794431326258,-0.158661197432547,-0.29768220359200137,3.035751879466471,-0.5022529885586836,-0.5110856845951085,0
0.04517568004508746,-0.158661197432547,-0.29768220359200137,3.035751879466471,-0.5022529885586836,-0.5110856845951085,0
0.7611067713666502,-0.158661197432547,-0.29768220359200137,3.035751879466471,-0.5022529885586836,-0.5110856845951085,0
0.3875775063293131,-0.158661197432547,-0.29768220359200137,3.035751879466471,-0.5022529885586836,-0.5110856845951085,0
-0.2038438299798039,-0.158661197432547,-0.29768220359200137,3.035751879466471,-0.5022529885586836,-0.5110856845951085,0
0.6365970163542045,-0.158661197432547,-0.29768220359200137,3.035751879466471,-0.5022529885586836,-0.5110856845951085,0
0.4187049450824245,-0.158661197432547,-0.29768220359200137,3.035751879466471,-0.5022529885586836,-0.5110856845951085,0
0.6677244551073159,-0.158661197432547,-0.29768220359200137,3.035751879466471,-0.5022529885586836,-0.5110856845951085,0
0.13855799630442173,-0.158661197432547,-0.29768220359200137,3.035751879466471,-0.5022529885586836,-0.5110856845951085,0
-0.4528633400046953,-0.158661197432547,-0.29768220359200137,3.035751879466471,-0.5022529885586836,-0.5110856845951085,0
-1.5111962576104836,-0.158661197432547,-0.29768220359200137,3.035751879466471,-0.5022529885586836,-0.5110856845951085,0
0.6054695776010931,-0.158661197432547,-0.29768220359200137,3.035751879466471,-0.5022529885586836,-0.5110856845951085,0
0.29419519006997885,-0.158661197432547,-0.29768220359200137,3.035751879466471,-0.5022529885586836,-0.5110856845951085,0
0.26306775131686744,-0.158661197432547,-0.29768220359200137,3.035751879466471,-0.5022529885586836,-0.5110856845951085,0
-0.017079197461135388,-0.158661197432547,-0.29768220359200137,3.035751879466471,-0.5022529885586836,-0.5110856845951085,0
0.014048241291976035,-0.158661197432547,-0.29768220359200137,3.035751879466471,-0.5022529885586836,-0.5110856845951085,0
0.7611067713666502,-0.158661197432547,-0.29768220359200137,3.035751879466471,-0.5022529885586836,-0.5110856845951085,0
0.5120872613417587,-0.158661197432547,-0.29768220359200137,3.035751879466471,-0.5022529885586836,-0.5110856845951085,0
-1.604578573869818,-0.158661197432547,-0.29768220359200137,3.035751879466471,-0.5022529885586836,-0.5110856845951085,0
0.32532262882309027,-0.158661197432547,-0.29768220359200137,3.035751879466471,-0.5022529885586836,-0.5110856845951085,0
0.32532262882309027,-0.158661197432547,-0.29768220359200137,3.035751879466471,-0.5022529885586836,-0.5110856845951085,0
0.16968543505753314,-0.158661197432547,-0.29768220359200137,3.035751879466471,-0.5022529885586836,-0.5110856845951085,0
0.6365970163542045,-0.158661197432547,-0.29768220359200137,3.035751879466471,-0.5022529885586836,-0.5110856845951085,0
0.3875775063293131,-0.158661197432547,-0.29768220359200137,3.035751879466471,-0.5022529885586836,-0.5110856845951085,0
-0.23497126873291535,-0.158661197432547,-0.29768220359200137,3.035751879466471,-0.5022529885586836,-0.5110856845951085,0
-1.386686502598038,-0.158661197432547,-0.29768220359200137,3.035751879466471,-0.5022529885586836,-0.5110856845951085,0
0.3875775063293131,-0.158661197432547,-0.29768220359200137,3.035751879466471,-0.5022529885586836,-0.5110856845951085,0
0.07630311879819889,-0.158661197432547,-0.29768220359200137,3.035751879466471,-0.5022529885586836,-0.5110856845951085,0
0.8856165263790958,-0.158661197432547,-0.29768220359200137,3.035751879466471,-0.5022529885586836,-0.5110856845951085,0
0.3875775063293131,-0.158661197432547,-0.29768220359200137,3.035751879466471,-0.5022529885586836,-0.5110856845951085,0
-1.0442846763138123,-0.158661197432547,-0.29768220359200137,3.035751879466471,-0.5022529885586836,-0.5110856845951085,0
-1.9469804001540436,-0.158661197432547,-0.29768220359200137,3.035751879466471,-0.5022529885586836,-0.5110856845951085,0
-1.7290883288822636,-0.158661197432547,-0.29768220359200137,3.035751879466471,-0.5022529885586836,-0.5110856845951085,0
-1.2933041863387036,-0.158661197432547,-0.29768220359200137,3.035751879466471,-0.5022529885586836,-0.5110856845951085,0
0.5432147000948702,-0.158661197432547,-0.29768220359200137,3.035751879466471,-0.5022529885586836,-0.5110856845951085,0
-0.07933407496735823,-0.158661197432547,-0.29768220359200137,3.035751879466471,-0.5022529885586836,-0.5110856845951085,0
0.32532262882309027,-0.158661197432547,-0.29768220359200137,3.035751879466471,-0.5022529885586836,-0.5110856845951085,0
0.3564500675762017,-0.158661197432547,-0.29768220359200137,3.035751879466471,-0.5022529885586836,-0.5110856845951085,0
-1.2933041863387036,-0.158661197432547,-0.29768220359200137,3.035751879466471,-0.5022529885586836,-0.5110856845951085,0
-1.386686502598038,-0.158661197432547,-0.29768220359200137,3.035751879466471,-0.5022529885586836,-0.5110856845951085,0
0.32532262882309027,-0.158661197432547,-0.29768220359200137,3.035751879466471,-0.5022529885586836,-0.5110856845951085,0
0.16968543505753314,-0.158661197432547,-0.29768220359200137,3.035751879466471,-0.5022529885586836,-0.5110856845951085,0
-0.07933407496735823,-0.158661197432547,-0.29768220359200137,3.035751879466471,-0.5022529885586836,-0.5110856845951085,0
-1.2621767475855923,-0.158661197432547,-0.29768220359200137,3.035751879466471,-0.5022529885586836,-0.5110856845951085,0
0.6365970163542045,-0.158661197432547,-0.29768220359200137,3.035751879466471,-0.5022529885586836,-0.5110856845951085,0
0.13855799630442173,-0.158661197432547,-0.29768220359200137,3.035751879466471,-0.5022529885586836,-0.5110856845951085,0
-0.2038438299798039,-0.158661197432547,-0.29768220359200137,3.035751879466471,-0.5022529885586836,-0.5110856845951085,0
0.16968543505753314,-0.158661197432547,-0.29768220359200137,3.035751879466471,-0.5022529885586836,-0.5110856845951085,0
0.7922342101197616,-0.158661197432547,-0.29768220359200137,3.035751879466471,-0.5022529885586836,-0.5110856845951085,0
0.29419519006997885,-0.158661197432547,-0.29768220359200137,3.035751879466471,-0.5022529885586836,-0.5110856845951085,0
0.8856165263790958,-0.158661197432547,-0.29768220359200137,3.035751879466471,-0.5022529885586836,-0.5110856845951085,0
-0.11046151372046965,-0.158661197432547,-0.29768220359200137,3.035751879466471,-0.5022529885586836,-0.5110856845951085,0
0.04517568004508746,-0.158661197432547,-0.29768220359200137,3.035751879466471,-0.5022529885586836,-0.5110856845951085,0
0.9167439651322072,-0.158661197432547,-0.29768220359200137,3.035751879466471,-0.5022529885586836,-0.5110856845951085,0
0.5432147000948702,-0.158661197432547,-0.29768220359200137,3.035751879466471,-0.5022529885586836,-0.5110856845951085,0
0.4187049450824245,-0.158661197432547,-0.29768220359200137,3.035751879466471,-0.5022529885586836,-0.5110856845951085,0
0.32532262882309027,-0.158661197432547,-0.29768220359200137,3.035751879466471,-0.5022529885586836,-0.5110856845951085,0
0.3564500675762017,-0.158661197432547,-0.29768220359200137,3.035751879466471,-0.5022529885586836,-0.5110856845951085,0
-1.013157237560701,-0.158661197432547,-0.29768220359200137,3.035751879466471,-0.5022529885586836,-0.5110856845951085,0
0.4187049450824245,-0.158661197432547,-0.29768220359200137,3.035751879466471,-0.5022529885586836,-0.5110856845951085,0
0.5432147000948702,-0.158661197432547,-0.29768220359200137,3.035751879466471,-0.5022529885586836,-0.5110856845951085,0
0.7611067713666502,-0.158661197432547,-0.29768220359200137,3.035751879466471,-0.5022529885586836,-0.5110856845951085,0
-1.3244316250918151,-0.158661197432547,-0.29768220359200137,3.035751879466471,-0.5022529885586836,-0.5110856845951085,0
0.5432147000948702,-0.158661197432547,-0.29768220359200137,3.035751879466471,-0.5022529885586836,-0.5110856845951085,0
0.823361648872873,-0.158661197432547,-0.29768220359200137,3.035751879466471,-0.5022529885586836,-0.5110856845951085,0
-1.0442846763138123,-0.158661197432547,-0.29768220359200137,3.035751879466471,-0.5022529885586836,-0.5110856845951085,0
-0.11046151372046965,-0.158661197432547,-0.29768220359200137,3.035751879466471,-0.5022529885586836,-0.5110856845951085,0
0.3564500675762017,-0.158661197432547,-0.29768220359200137,3.035751879466471,-0.5022529885586836,-0.5110856845951085,0
0.6365970163542045,-0.158661197432547,-0.29768220359200137,3.035751879466471,-0.5022529885586836,-0.5110856845951085,0
0.32532262882309027,-0.158661197432547,-0.29768220359200137,3.035751879466471,-0.5022529885586836,-0.5110856845951085,0
0.26306775131686744,-0.158661197432547,-0.29768220359200137,3.035751879466471,-0.5022529885586836,-0.5110856845951085,0
0.26306775131686744,-0.158661197432547,-0.29768220359200137,3.035751879466471,-0.5022529885586836,-0.5110856845951085,0
-1.3555590638449266,-0.158661197432547,-0.29768220359200137,3.035751879466471,-0.5022529885586836,-0.5110856845951085,0
0.6054695776010931,-0.158661197432547,-0.29768220359200137,3.035751879466471,-0.5022529885586836,-0.5110856845951085,0
0.5743421388479817,-0.158661197432547,-0.29768220359200137,3.035751879466471,-0.5022529885586836,-0.5110856845951085,0
0.32532262882309027,-0.158661197432547,-0.29768220359200137,3.035751879466471,-0.5022529885586836,-0.5110856845951085,0
-0.14158895247358108,-0.158661197432547,-0.29768220359200137,3.035751879466471,-0.5022529885586836,-0.5110856845951085,0
0.32532262882309027,-0.158661197432547,-0.29768220359200137,3.035751879466471,-0.5022529885586836,-0.5110856845951085,0
0.13855799630442173,-0.158661197432547,-0.29768220359200137,3.035751879466471,-0.5022529885586836,-0.5110856845951085,0
0.5432147000948702,-0.158661197432547,-0.29768220359200137,3.035751879466471,-0.5022529885586836,-0.5110856845951085,0
0.13855799630442173,-0.158661197432547,-0.29768220359200137,3.035751879466471,-0.5022529885586836,-0.5110856845951085,0
-0.359481023745361,-0.158661197432547,-0.29768220359200137,3.035751879466471,-0.5022529885586836,-0.5110856845951085,0
0.6054695776010931,-0.158661197432547,-0.29768220359200137,3.035751879466471,-0.5022529885586836,-0.5110856845951085,0
0.5432147000948702,-0.158661197432547,-0.29768220359200137,3.035751879466471,-0.5022529885586836,-0.5110856845951085,0
0.16968543505753314,-0.158661197432547,-0.29768220359200137,3.035751879466471,-0.5022529885586836,-0.5110856845951085,0
0.5743421388479817,-0.158661197432547,-0.29768220359200137,3.035751879466471,-0.5022529885586836,-0.5110856845951085,0
0.231940312563756,-0.158661197432547,-0.29768220359200137,3.035751879466471,-0.5022529885586836,-0.5110856845951085,0
0.3564500675762017,-0.158661197432547,-0.29768220359200137,3.035751879466471,-0.5022529885586836,-0.5110856845951085,0
-1.106539553820035,-0.158661197432547,-0.29768220359200137,3.035751879466471,-0.5022529885586836,-0.5110856845951085,0
0.4498323838355359,-0.158661197432547,-0.29768220359200137,3.035751879466471,-0.5022529885586836,-0.5110856845951085,0
-0.4528633400046953,-0.158661197432547,-0.29768220359200137,3.035751879466471,-0.5022529885586836,-0.5110856845951085,0
0.4809598225886474,-0.158661197432547,-0.29768220359200137,3.035751879466471,-0.5022529885586836,-0.5110856845951085,0
1.0101262813915415,-0.158661197432547,-0.29768220359200137,3.035751879466471,-0.5022529885586836,-0.5110856845951085,0
0.6365970163542045,-0.158661197432547,-0.29768220359200137,3.035751879466471,-0.5022529885586836,-0.5110856845951085,0
0.20081287381064455,-0.158661197432547,-0.29768220359200137,3.035751879466471,-0.5022529885586836,-0.5110856845951085,0
0.4809598225886474,-0.158661197432547,-0.29768220359200137,3.035751879466471,-0.5022529885586836,-0.5110856845951085,0
0.823361648872873,-0.158661197432547,-0.29768220359200137,3.035751879466471,-0.5022529885586836,-0.5110856845951085,0
0.6054695776010931,-0.158661197432547,-0.29768220359200137,3.035751879466471,-0.5022529885586836,-0.5110856845951085,0
0.6677244551073159,-0.158661197432547,-0.29768220359200137,3.035751879466471,-0.5022529885586836,-0.5110856845951085,0
0.5432147000948702,-0.158661197432547,-0.29768220359200137,3.035751879466471,-0.5022529885586836,-0.5110856845951085,0
0.3564500675762017,-0.158661197432547,-0.29768220359200137,3.035751879466471,-0.5022529885586836,-0.5110856845951085,0
0.16968543505753314,-0.158661197432547,-0.29768220359200137,3.035751879466471,-0.5022529885586836,-0.5110856845951085,0
0.7922342101197616,-0.158661197432547,-0.29768220359200137,3.035751879466471,-0.5022529885586836,-0.5110856845951085,0
0.8544890876259844,-0.158661197432547,-0.29768220359200137,3.035751879466471,-0.5022529885586836,-0.5110856845951085,0
0.04517568004508746,-0.158661197432547,-0.29768220359200137,3.035751879466471,-0.5022529885586836,-0.5110856845951085,0
-0.14158895247358108,-0.158661197432547,-0.29768220359200137,3.035751879466471,-0.5022529885586836,-0.5110856845951085,0
-0.017079197461135388,-0.158661197432547,-0.29768220359200137,3.035751879466471,-0.5022529885586836,-0.5110856845951085,0
0.32532262882309027,-0.158661197432547,-0.29768220359200137,3.035751879466471,-0.5022529885586836,-0.5110856845951085,0
-0.26609870748602676,-0.158661197432547,-0.29768220359200137,3.035751879466471,-0.5022529885586836,-0.5110856845951085,0
0.9789988426384302,-0.158661197432547,-0.29768220359200137,3.035751879466471,-0.5022529885586836,-0.5110856845951085,0
0.3564500675762017,-0.158661197432547,-0.29768220359200137,3.035751879466471,-0.5022529885586836,-0.5110856845951085,0
-1.3555590638449266,-0.158661197432547,-0.29768220359200137,3.035751879466471,-0.5022529885586836,-0.5110856845951085,0
0.4498323838355359,-0.158661197432547,-0.29768220359200137,3.035751879466471,-0.5022529885586836,-0.5110856845951085,0
0.823361648872873,-0.158661197432547,-0.29768220359200137,3.035751879466471,-0.5022529885586836,-0.5110856845951085,0
0.8544890876259844,-0.158661197432547,-0.29768220359200137,3.035751879466471,-0.5022529885586836,-0.5110856845951085,0
0.9478714038853187,-0.158661197432547,-0.29768220359200137,3.035751879466471,-0.5022529885586836,-0.5110856845951085,0
0.13855799630442173,-0.158661197432547,-0.29768220359200137,3.035751879466471,-0.5022529885586836,-0.5110856845951085,0
0.04517568004508746,-0.158661197432547,-0.29768220359200137,3.035751879466471,-0.5022529885586836,-0.5110856845951085,0
0.014048241291976035,-0.158661197432547,-0.29768220359200137,3.035751879466471,-0.5022529885586836,-0.5110856845951085,0
0.1074305575513103,-0.158661197432547,-0.29768220359200137,3.035751879466471,-0.5022529885586836,-0.5110856845951085,0
0.13855799630442173,-0.158661197432547,-0.29768220359200137,3.035751879466471,-0.5022529885586836,-0.5110856845951085,0
-0.017079197461135388,-0.158661197432547,-0.29768220359200137,3.035751879466471,-0.5022529885586836,-0.5110856845951085,0
-0.2972261462391382,-0.158661197432547,-0.29768220359200137,3.035751879466471,-0.5022529885586836,-0.5110856845951085,0
-0.017079197461135388,-0.158661197432547,-0.29768220359200137,3.035751879466471,-0.5022529885586836,-0.5110856845951085,0
0.7611067713666502,-0.158661197432547,-0.29768220359200137,3.035751879466471,-0.5022529885586836,-0.5110856845951085,0
0.04517568004508746,-0.158661197432547,-0.29768220359200137,3.035751879466471,-0.5022529885586836,-0.5110856845951085,0
-0.1727163912266925,-0.158661197432547,-0.29768220359200137,3.035751879466471,-0.5022529885586836,-0.5110856845951085,0
-0.3906084624984725,-0.158661197432547,-0.29768220359200137,3.035751879466471,-0.5022529885586836,-0.5110856845951085,0
0.20081287381064455,-0.158661197432547,-0.29768220359200137,3.035751879466471,-0.5022529885586836,-0.5110856845951085,0
-0.11046151372046965,-0.158661197432547,-0.29768220359200137,3.035751879466471,-0.5022529885586836,-0.5110856845951085,0
0.26306775131686744,-0.158661197432547,-0.29768220359200137,3.035751879466471,-0.5022529885586836,-0.5110856845951085,0
0.8544890876259844,-0.158661197432547,-0.29768220359200137,3.035751879466471,-0.5022529885586836,-0.5110856845951085,0
0.16968543505753314,-0.158661197432547,-0.29768220359200137,3.035751879466471,-0.5022529885586836,-0.5110856845951085,0
0.07630311879819889,-0.158661197432547,-0.29768220359200137,3.035751879466471,-0.5022529885586836,-0.5110856845951085,0
-1.1376669925731466,-0.158661197432547,-0.29768220359200137,3.035751879466471,-0.5022529885586836,-0.5110856845951085,0
0.16968543505753314,-0.158661197432547,-0.29768220359200137,3.035751879466471,-0.5022529885586836,-0.5110856845951085,0
0.014048241291976035,-0.158661197432547,-0.29768220359200137,3.035751879466471,-0.5022529885586836,-0.5110856845951085,0
-0.11046151372046965,-0.158661197432547,-0.29768220359200137,3.035751879466471,-0.5022529885586836,-0.5110856845951085,0
0.13855799630442173,-0.158661197432547,-0.29768220359200137,3.035751879466471,-0.5022529885586836,-0.5110856845951085,0
-1.168794431326258,-0.158661197432547,-0.29768220359200137,3.035751879466471,-0.5022529885586836,-0.5110856845951085,0
0.20081287381064455,-0.158661197432547,-0.29768220359200137,3.035751879466471,-0.5022529885586836,-0.5110856845951085,0
0.7299793326135388,-0.158661197432547,-0.29768220359200137,3.035751879466471,-0.5022529885586836,-0.5110856845951085,0
-1.1376669925731466,-0.158661197432547,-0.29768220359200137,3.035751879466471,-0.5022529885586836,-0.5110856845951085,0
0.014048241291976035,-0.158661197432547,-0.29768220359200137,3.035751879466471,-0.5022529885586836,-0.5110856845951085,0
-0.017079197461135388,-0.158661197432547,-0.29768220359200137,3.035751879466471,-0.5022529885586836,-0.5110856845951085,0
-0.26609870748602676,-0.158661197432547,-0.29768220359200137,3.035751879466471,-0.5022529885586836,-0.5110856845951085,0
0.16968543505753314,-0.158661197432547,-0.29768220359200137,3.035751879466471,-0.5022529885586836,-0.5110856845951085,0
0.16968543505753314,-0.158661197432547,-0.29768220359200137,3.035751879466471,-0.5022529885586836,-0.5110856845951085,0
0.6365970163542045,-0.158661197432547,-0.29768220359200137,3.035751879466471,-0.5022529885586836,-0.5110856845951085,0
0.6054695776010931,-0.158661197432547,-0.29768220359200137,3.035751879466471,-0.5022529885586836,-0.5110856845951085,0
-0.11046151372046965,-0.158661197432547,-0.29768220359200137,3.035751879466471,-0.5022529885586836,-0.5110856845951085,0
-1.3555590638449266,-0.158661197432547,-0.29768220359200137,3.035751879466471,-0.5022529885586836,-0.5110856845951085,0
-0.11046151372046965,-0.158661197432547,-0.29768220359200137,3.035751879466471,-0.5022529885586836,-0.5110856845951085,0
-0.14158895247358108,-0.158661197432547,-0.29768220359200137,3.035751879466471,-0.5022529885586836,-0.5110856845951085,0
-1.2933041863387036,-0.158661197432547,-0.29768220359200137,3.035751879466471,-0.5022529885586836,-0.5110856845951085,0
-0.14158895247358108,-0.158661197432547,-0.29768220359200137,3.035751879466471,-0.5022529885586836,-0.5110856845951085,0
-0.11046151372046965,-0.158661197432547,-0.29768220359200137,3.035751879466471,-0.5022529885586836,-0.5110856845951085,0
0.231940312563756,-0.158661197432547,-0.29768220359200137,3.035751879466471,-0.5022529885586836,-0.5110856845951085,0
0.6365970163542045,0.3860818171014863,-0.29768220359200137,3.035751879466471,-0.5022529885586836,-0.5110856845951085,0
1.0723811588977643,-0.7034042119665803,-0.29768220359200137,3.035751879466471,-0.5022529885586836,-0.5110856845951085,0
1.1035085976508758,-0.7034042119665803,-0.29768220359200137,3.035751879466471,-0.5022529885586836,-0.5110856845951085,0
1.0723811588977643,-0.7034042119665803,-0.29768220359200137,3.035751879466471,-0.5022529885586836,-0.5110856845951085,0
1.0723811588977643,-0.7034042119665803,-0.29768220359200137,3.035751879466471,-0.5022529885586836,-0.5110856845951085,0
1.1035085976508758,-0.7034042119665803,-0.29768220359200137,3.035751879466471,-0.5022529885586836,-0.5110856845951085,0
1.1657634751570987,-0.7034042119665803,-0.29768220359200137,3.035751879466471,-0.5022529885586836,-0.5110856845951085,0
1.1657634751570987,-0.7034042119665803,-0.29768220359200137,3.035751879466471,-0.5022529885586836,-0.5110856845951085,0
1.1657634751570987,-0.7034042119665803,-0.29768220359200137,3.035751879466471,-0.5022529885586836,-0.5110856845951085,0
0.07630311879819889,1.7479393534365695,-0.29768220359200137,3.035751879466471,-0.5022529885586836,-0.5110856845951085,0
0.6365970163542045,1.7479393534365695,-0.29768220359200137,3.035751879466471,-0.5022529885586836,-0.5110856845951085,0
0.26306775131686744,1.7479393534365695,-0.29768220359200137,3.035751879466471,-0.5022529885586836,-0.5110856845951085,0
1.041253720144653,1.7479393534365695,-0.29768220359200137,3.035751879466471,-0.5022529885586836,-0.5110856845951085,0
0.5120872613417587,1.7479393534365695,-0.29768220359200137,3.035751879466471,-0.5022529885586836,-0.5110856845951085,0
0.6988518938604273,1.7479393534365695,-0.29768220359200137,3.035751879466471,-0.5022529885586836,-0.5110856845951085,0
0.6677244551073159,1.7479393534365695,-0.29768220359200137,3.035751879466471,-0.5022529885586836,-0.5110856845951085,0
0.7611067713666502,1.7479393534365695,-0.29768220359200137,3.035751879466471,-0.5022529885586836,-0.5110856845951085,0
-0.2038438299798039,1.7479393534365695,-0.29768220359200137,3.035751879466471,-0.5022529885586836,-0.5110856845951085,0
0.3564500675762017,1.7479393534365695,-0.29768220359200137,3.035751879466471,-0.5022529885586836,-0.5110856845951085,0
2.597625657800224,-0.7034042119665803,-0.29768220359200137,-0.32940768537900034,1.9910284712684385,-0.5110856845951085,0
2.9089000453313383,-0.7034042119665803,-0.29768220359200137,-0.32940768537900034,1.9910284712684385,-0.5110856845951085,0
2.597625657800224,-0.7034042119665803,-0.29768220359200137,-0.32940768537900034,1.9910284712684385,-0.5110856845951085,0
2.2552238315159983,-0.7034042119665803,-0.29768220359200137,-0.32940768537900034,1.9910284712684385,-0.5110856845951085,0
-0.23497126873291535,-0.7034042119665803,-0.29768220359200137,-0.32940768537900034,1.9910284712684385,-0.5110856845951085,0
3.4380665041342326,-0.7034042119665803,-0.29768220359200137,-0.32940768537900034,1.9910284712684385,-0.5110856845951085,0
2.7221354128126696,-0.7034042119665803,-0.29768220359200137,-0.32940768537900034,1.9910284712684385,-0.5110856845951085,0
-0.5151182175109181,-0.7034042119665803,-0.29768220359200137,-0.32940768537900034,1.9910284712684385,-0.5110856845951085,0
3.469193942887344,-0.7034042119665803,-0.29768220359200137,-0.32940768537900034,1.9910284712684385,-0.5110856845951085,0
3.3446841878748983,-0.7034042119665803,-0.29768220359200137,-0.32940768537900034,1.9910284712684385,-0.5110856845951085,0
3.4380665041342326,-0.7034042119665803,-0.29768220359200137,-0.32940768537900034,1.9910284712684385,-0.5110856845951085,0
2.441988464034667,-0.7034042119665803,-0.29768220359200137,-0.32940768537900034,1.9910284712684385,-0.5110856845951085,0
2.9089000453313383,-0.7034042119665803,-0.29768220359200137,-0.32940768537900034,1.9910284712684385,-0.5110856845951085,0
2.4731159027877783,-0.7034042119665803,-0.29768220359200137,-0.32940768537900034,1.9910284712684385,-0.5110856845951085,0
2.9089000453313383,-0.7034042119665803,-0.29768220359200137,-0.32940768537900034,1.9910284712684385,-0.5110856845951085,0
2.877772606578227,-0.7034042119665803,-0.29768220359200137,-0.32940768537900034,1.9910284712684385,-0.5110856845951085,0
1.8194396889724385,-0.7034042119665803,-0.29768220359200137,-0.32940768537900034,1.9910284712684385,-0.5110856845951085,0
-1.1376669925731466,-0.7034042119665803,-0.29768220359200137,-0.32940768537900034,1.9910284712684385,-0.5110856845951085,0
1.041253720144653,-0.7034042119665803,-0.29768220359200137,-0.32940768537900034,1.9910284712684385,-0.5110856845951085,0
1.1968909139102102,-0.7034042119665803,-0.29768220359200137,-0.32940768537900034,1.9910284712684385,-0.5110856845951085,0
1.3525281076757671,-0.7034042119665803,-0.29768220359200137,-0.32940768537900034,1.9910284712684385,-0.5110856845951085,0
1.7571848114662156,-0.7034042119665803,-0.29768220359200137,-0.32940768537900034,1.9910284712684385,-0.5110856845951085,0
1.6949299339599928,-0.7034042119665803,-0.29768220359200137,-0.32940768537900034,1.9910284712684385,-0.5110856845951085,0
2.379733586528444,-0.7034042119665803,-0.29768220359200137,-0.32940768537900034,1.9910284712684385,-0.5110856845951085,0
2.0373317602442187,-0.7034042119665803,-0.29768220359200137,-0.32940768537900034,1.9910284712684385,-0.5110856845951085,0
1.5392927401944356,-0.7034042119665803,-0.29768220359200137,-0.32940768537900034,1.9910284712684385,-0.5110856845951085,0
1.9750768827379956,-0.7034042119665803,-0.29768220359200137,-0.32940768537900034,1.9910284712684385,-0.5110856845951085,0
2.379733586528444,-0.7034042119665803,-0.29768220359200137,-0.32940768537900034,1.9910284712684385,-0.5110856845951085,0
2.3174787090222213,-0.7034042119665803,-0.29768220359200137,-0.32940768537900034,1.9910284712684385,-0.5110856845951085,0
2.379733586528444,-0.7034042119665803,-0.29768220359200137,-0.32940768537900034,1.9910284712684385,-0.5110856845951085,0
2.224096392762887,-0.7034042119665803,-0.29768220359200137,-0.32940768537900034,1.9910284712684385,-0.5110856845951085,0
1.9750768827379956,-0.7034042119665803,-0.29768220359200137,-0.32940768537900034,1.9910284712684385,-0.5110856845951085,0
1.3525281076757671,-0.7034042119665803,-0.29768220359200137,-0.32940768537900034,1.9910284712684385,-0.5110856845951085,0
2.28635127026911,-0.7034042119665803,-0.29768220359200137,-0.32940768537900034,1.9910284712684385,-0.5110856845951085,0
-1.106539553820035,-0.7034042119665803,-0.29768220359200137,-0.32940768537900034,1.9910284712684385,-0.5110856845951085,0
-2.4450194202038262,-0.7034042119665803,-0.29768220359200137,-0.32940768537900034,1.9910284712684385,-0.5110856845951085,0
-1.5111962576104836,-0.7034042119665803,-0.29768220359200137,-0.32940768537900034,1.9910284712684385,-0.5110856845951085,0
-1.604578573869818,-0.7034042119665803,-0.29768220359200137,-0.32940768537900034,1.9910284712684385,-0.5110856845951085,0
-0.5151182175109181,-0.7034042119665803,-0.29768220359200137,-0.32940768537900034,1.9910284712684385,-0.5110856845951085,0
-1.2933041863387036,-0.7034042119665803,-0.29768220359200137,-0.32940768537900034,1.9910284712684385,-0.5110856845951085,0
-0.7330102887826981,-0.7034042119665803,-0.29768220359200137,-0.32940768537900034,1.9910284712684385,-0.5110856845951085,0
-0.4528633400046953,-0.7034042119665803,-0.29768220359200137,-0.32940768537900034,1.9910284712684385,-0.5110856845951085,0
-0.950902360054478,0.022919807412130767,-0.29768220359200137,-0.32940768537900034,1.9910284712684385,-0.5110856845951085,0
-2.631784052722495,-0.7034042119665803,-0.29768220359200137,-0.32940768537900034,1.9910284712684385,-0.5110856845951085,0
-1.8847255226478208,-0.7034042119665803,-0.29768220359200137,-0.32940768537900034,1.9910284712684385,-0.5110856845951085,0
-1.978107838907155,-0.7034042119665803,-0.29768220359200137,-0.32940768537900034,1.9910284712684385,-0.5110856845951085,0
-1.915852961400932,-0.7034042119665803,-0.29768220359200137,-0.32940768537900034,1.9910284712684385,-0.5110856845951085,0
-1.9469804001540436,-0.7034042119665803,-0.29768220359200137,-0.32940768537900034,1.9910284712684385,-0.5110856845951085,0
-2.0714901551664893,-0.7034042119665803,-0.29768220359200137,-0.32940768537900034,1.9910284712684385,-0.5110856845951085,0
-1.8535980838947093,-0.7034042119665803,-0.29768220359200137,-0.32940768537900034,1.9910284712684385,-0.5110856845951085,0
-1.7913432063884864,-0.7034042119665803,-0.29768220359200137,-0.32940768537900034,1.9910284712684385,-0.5110856845951085,0
-1.978107838907155,-0.7034042119665803,-0.29768220359200137,-0.32940768537900034,1.9910284712684385,-0.5110856845951085,0
-1.8847255226478208,-0.7034042119665803,-0.29768220359200137,-0.32940768537900034,1.9910284712684385,-0.5110856845951085,0
-1.8847255226478208,-0.7034042119665803,-0.29768220359200137,-0.32940768537900034,1.9910284712684385,-0.5110856845951085,0
-1.8847255226478208,-0.7034042119665803,-0.29768220359200137,-0.32940768537900034,1.9910284712684385,-0.5110856845951085,0
-1.9469804001540436,-0.7034042119665803,-0.29768220359200137,-0.32940768537900034,1.9910284712684385,-0.5110856845951085,0
-1.978107838907155,-0.7034042119665803,-0.29768220359200137,-0.32940768537900034,1.9910284712684385,-0.5110856845951085,0
-1.8535980838947093,-0.7034042119665803,-0.29768220359200137,-0.32940768537900034,1.9910284712684385,-0.5110856845951085,0
-1.8847255226478208,-0.7034042119665803,-0.29768220359200137,-0.32940768537900034,1.9910284712684385,-0.5110856845951085,0
-2.040362716413378,-0.7034042119665803,-0.29768220359200137,-0.32940768537900034,1.9910284712684385,-0.5110856845951085,0
-1.978107838907155,-0.7034042119665803,-0.29768220359200137,-0.32940768537900034,1.9910284712684385,-0.5110856845951085,0
-1.8847255226478208,-0.7034042119665803,-0.29768220359200137,-0.32940768537900034,1.9910284712684385,-0.5110856845951085,0
-1.7913432063884864,-0.7034042119665803,-0.29768220359200137,-0.32940768537900034,1.9910284712684385,-0.5110856845951085,0
-1.8847255226478208,-0.7034042119665803,-0.29768220359200137,-0.32940768537900034,1.9910284712684385,-0.5110856845951085,0
-1.9469804001540436,-0.7034042119665803,-0.29768220359200137,-0.32940768537900034,1.9910284712684385,-0.5110856845951085,0
-1.915852961400932,-0.7034042119665803,-0.29768220359200137,-0.32940768537900034,1.9910284712684385,-0.5110856845951085,0
-1.8535980838947093,-0.7034042119665803,-0.29768220359200137,-0.32940768537900034,1.9910284712684385,-0.5110856845951085,0
-1.7913432063884864,-0.7034042119665803,-0.29768220359200137,-0.32940768537900034,1.9910284712684385,-0.5110856845951085,0
-1.8535980838947093,-0.7034042119665803,-0.29768220359200137,-0.32940768537900034,1.9910284712684385,-0.5110856845951085,0
-1.7913432063884864,-0.7034042119665803,-0.29768220359200137,-0.32940768537900034,1.9910284712684385,-0.5110856845951085,0
-1.7913432063884864,-0.7034042119665803,-0.29768220359200137,-0.32940768537900034,1.9910284712684385,-0.5110856845951085,0
-1.8535980838947093,-0.7034042119665803,-0.29768220359200137,-0.32940768537900034,1.9910284712684385,-0.5110856845951085,0
1.1968909139102102,-0.7034042119665803,-0.29768220359200137,-0.32940768537900034,1.9910284712684385,-0.5110856845951085,0
1.1035085976508758,-0.7034042119665803,-0.29768220359200137,-0.32940768537900034,1.9910284712684385,-0.5110856845951085,0
-1.7290883288822636,-0.7034042119665803,-0.29768220359200137,-0.32940768537900034,1.9910284712684385,-0.5110856845951085,0
-1.6668334513760408,-0.7034042119665803,-0.29768220359200137,-0.32940768537900034,1.9910284712684385,-0.5110856845951085,0
-1.9469804001540436,-0.7034042119665803,-0.29768220359200137,-0.32940768537900034,1.9910284712684385,-0.5110856845951085,0
1.1035085976508758,-0.7034042119665803,-0.29768220359200137,-0.32940768537900034,1.9910284712684385,-0.5110856845951085,0
-2.040362716413378,-0.7034042119665803,-0.29768220359200137,-0.32940768537900034,1.9910284712684385,-0.5110856845951085,0
-1.9469804001540436,-0.7034042119665803,-0.29768220359200137,-0.32940768537900034,1.9910284712684385,-0.5110856845951085,0
-1.978107838907155,-0.7034042119665803,-0.29768220359200137,-0.32940768537900034,1.9910284712684385,-0.5110856845951085,0
-1.7290883288822636,-0.7034042119665803,-0.29768220359200137,-0.32940768537900034,1.9910284712684385,-0.5110856845951085,0
-1.822470645141598,-0.7034042119665803,-0.29768220359200137,-0.32940768537900034,1.9910284712684385,-0.5110856845951085,0
-1.8535980838947093,-0.7034042119665803,-0.29768220359200137,-0.32940768537900034,1.9910284712684385,-0.5110856845951085,0
-1.7913432063884864,-0.7034042119665803,-0.29768220359200137,-0.32940768537900034,1.9910284712684385,-0.5110856845951085,0
-1.8535980838947093,-0.7034042119665803,-0.29768220359200137,-0.32940768537900034,1.9910284712684385,-0.5110856845951085,0
-1.7290883288822636,-0.7034042119665803,-0.29768220359200137,-0.32940768537900034,1.9910284712684385,-0.5110856845951085,0
-1.915852961400932,-0.7034042119665803,-0.29768220359200137,-0.32940768537900034,1.9910284712684385,-0.5110856845951085,0
1.0723811588977643,-0.7034042119665803,-0.29768220359200137,-0.32940768537900034,1.9910284712684385,-0.5110856845951085,0
-1.915852961400932,-0.7034042119665803,-0.29768220359200137,-0.32940768537900034,1.9910284712684385,-0.5110856845951085,0
-1.7913432063884864,-0.7034042119665803,-0.29768220359200137,-0.32940768537900034,1.9910284712684385,-0.5110856845951085,0
-1.8847255226478208,-0.7034042119665803,-0.29768220359200137,-0.32940768537900034,1.9910284712684385,-0.5110856845951085,0
-1.7290883288822636,-0.7034042119665803,-0.29768220359200137,-0.32940768537900034,1.9910284712684385,-0.5110856845951085,0
-1.7290883288822636,-0.7034042119665803,-0.29768220359200137,-0.32940768537900034,1.9910284712684385,-0.5110856845951085,0
-1.697960890129152,-0.7034042119665803,-0.29768220359200137,-0.32940768537900034,1.9910284712684385,-0.5110856845951085,0
-1.8535980838947093,-0.7034042119665803,-0.29768220359200137,-0.32940768537900034,1.9910284712684385,-0.5110856845951085,0
-1.697960890129152,-0.7034042119665803,-0.29768220359200137,-0.32940768537900034,1.9910284712684385,-0.5110856845951085,0
-1.6357060126229293,-0.7034042119665803,-0.29768220359200137,-0.32940768537900034,1.9910284712684385,-0.5110856845951085,0
-1.7913432063884864,-0.7034042119665803,-0.29768220359200137,-0.32940768537900034,1.9910284712684385,-0.5110856845951085,0
-1.7913432063884864,-0.7034042119665803,-0.29768220359200137,-0.32940768537900034,1.9910284712684385,-0.5110856845951085,0
1.0723811588977643,-0.7034042119665803,-0.29768220359200137,-0.32940768537900034,1.9910284712684385,-0.5110856845951085,0
1.1035085976508758,-0.7034042119665803,-0.29768220359200137,-0.32940768537900034,1.9910284712684385,-0.5110856845951085,0
-1.8535980838947093,-0.7034042119665803,-0.29768220359200137,-0.32940768537900034,1.9910284712684385,-0.5110856845951085,0
-1.915852961400932,-0.7034042119665803,-0.29768220359200137,-0.32940768537900034,1.9910284712684385,-0.5110856845951085,0
1.0723811588977643,-0.7034042119665803,-0.29768220359200137,-0.32940768537900034,1.9910284712684385,-0.5110856845951085,0
-1.822470645141598,-0.7034042119665803,-0.29768220359200137,-0.32940768537900034,1.9910284712684385,-0.5110856845951085,0
-1.7602157676353751,-0.7034042119665803,-0.29768220359200137,-0.32940768537900034,1.9910284712684385,-0.5110856845951085,0
-1.822470645141598,-0.7034042119665803,-0.29768220359200137,-0.32940768537900034,1.9910284712684385,-0.5110856845951085,0
-1.7290883288822636,-0.7034042119665803,-0.29768220359200137,-0.32940768537900034,1.9910284712684385,-0.5110856845951085,0
-1.5734511351167064,-0.7034042119665803,-0.29768220359200137,-0.32940768537900034,1.9910284712684385,-0.5110856845951085,0
-1.604578573869818,-0.7034042119665803,-0.29768220359200137,-0.32940768537900034,1.9910284712684385,-0.5110856845951085,0
-1.6668334513760408,-0.7034042119665803,-0.29768220359200137,-0.32940768537900034,1.9910284712684385,-0.5110856845951085,0
-1.7290883288822636,-0.7034042119665803,-0.29768220359200137,-0.32940768537900034,1.9910284712684385,-0.5110856845951085,0
-1.6668334513760408,-0.7034042119665803,-0.29768220359200137,-0.32940768537900034,1.9910284712684385,-0.5110856845951085,0
-1.7290883288822636,-0.7034042119665803,-0.29768220359200137,-0.32940768537900034,1.9910284712684385,-0.5110856845951085,0
-1.604578573869818,-0.7034042119665803,-0.29768220359200137,-0.32940768537900034,1.9910284712684385,-0.5110856845951085,0
-1.697960890129152,-0.7034042119665803,-0.29768220359200137,-0.32940768537900034,1.9910284712684385,-0.5110856845951085,0
-1.604578573869818,-0.7034042119665803,-0.29768220359200137,-0.32940768537900034,1.9910284712684385,-0.5110856845951085,0
-1.4489413801042608,-0.7034042119665803,-0.29768220359200137,-0.32940768537900034,1.9910284712684385,-0.5110856845951085,0
-1.7913432063884864,-0.7034042119665803,-0.29768220359200137,-0.32940768537900034,1.9910284712684385,-0.5110856845951085,0
-1.697960890129152,-0.7034042119665803,-0.29768220359200137,-0.32940768537900034,1.9910284712684385,-0.5110856845951085,0
-1.5111962576104836,-0.7034042119665803,-0.29768220359200137,-0.32940768537900034,1.9910284712684385,-0.5110856845951085,0
-1.6668334513760408,-0.7034042119665803,-0.29768220359200137,-0.32940768537900034,1.9910284712684385,-0.5110856845951085,0
-1.6357060126229293,-0.7034042119665803,-0.29768220359200137,-0.32940768537900034,1.9910284712684385,-0.5110856845951085,0
-1.4800688188573723,-0.7034042119665803,-0.29768220359200137,-0.32940768537900034,1.9910284712684385,-0.5110856845951085,0
-1.7913432063884864,-0.7034042119665803,-0.29768220359200137,-0.32940768537900034,1.9910284712684385,-0.5110856845951085,0
-1.6668334513760408,-0.7034042119665803,-0.29768220359200137,-0.32940768537900034,1.9910284712684385,-0.5110856845951085,0
-1.697960890129152,-0.7034042119665803,-0.29768220359200137,-0.32940768537900034,1.9910284712684385,-0.5110856845951085,0
-1.4800688188573723,-0.7034042119665803,-0.29768220359200137,-0.32940768537900034,1.9910284712684385,-0.5110856845951085,0
-1.8535980838947093,-0.7034042119665803,-0.29768220359200137,-0.32940768537900034,1.9910284712684385,-0.5110856845951085,0
-1.604578573869818,-0.7034042119665803,-0.29768220359200137,-0.32940768537900034,1.9910284712684385,-0.5110856845951085,0
-1.6668334513760408,-0.7034042119665803,-0.29768220359200137,-0.32940768537900034,1.9910284712684385,-0.5110856845951085,0
-1.5111962576104836,-0.7034042119665803,-0.29768220359200137,-0.32940768537900034,1.9910284712684385,-0.5110856845951085,0
-1.7913432063884864,-0.7034042119665803,-0.29768220359200137,-0.32940768537900034,1.9910284712684385,-0.5110856845951085,0
-1.5423236963635951,-0.7034042119665803,-0.29768220359200137,-0.32940768537900034,1.9910284712684385,-0.5110856845951085,0
-1.5111962576104836,-0.7034042119665803,-0.29768220359200137,-0.32940768537900034,1.9910284712684385,-0.5110856845951085,0
-1.5423236963635951,-0.7034042119665803,-0.29768220359200137,-0.32940768537900034,1.9910284712684385,-0.5110856845951085,0
-1.604578573869818,-0.7034042119665803,-0.29768220359200137,-0.32940768537900034,1.9910284712684385,-0.5110856845951085,0
-1.5423236963635951,-0.7034042119665803,-0.29768220359200137,-0.32940768537900034,1.9910284712684385,-0.5110856845951085,0
-1.6668334513760408,-0.7034042119665803,-0.29768220359200137,-0.32940768537900034,1.9910284712684385,-0.5110856845951085,0
-1.4800688188573723,-0.7034042119665803,-0.29768220359200137,-0.32940768537900034,1.9910284712684385,-0.5110856845951085,0
-1.386686502598038,-0.7034042119665803,-0.29768220359200137,-0.32940768537900034,1.9910284712684385,-0.5110856845951085,0
-1.4800688188573723,-0.7034042119665803,-0.29768220359200137,-0.32940768537900034,1.9910284712684385,-0.5110856845951085,0
-1.604578573869818,-0.7034042119665803,-0.29768220359200137,-0.32940768537900034,1.9910284712684385,-0.5110856845951085,0
-1.4800688188573723,-0.7034042119665803,-0.29768220359200137,-0.32940768537900034,1.9910284712684385,-0.5110856845951085,0
-1.4489413801042608,-0.7034042119665803,-0.29768220359200137,-0.32940768537900034,1.9910284712684385,-0.5110856845951085,0
-1.386686502598038,-0.7034042119665803,-0.29768220359200137,-0.32940768537900034,1.9910284712684385,-0.5110856845951085,0
-1.386686502598038,-0.7034042119665803,-0.29768220359200137,-0.32940768537900034,1.9910284712684385,-0.5110856845951085,0
-1.5111962576104836,-0.7034042119665803,-0.29768220359200137,-0.32940768537900034,1.9910284712684385,-0.5110856845951085,0
-1.4489413801042608,-0.7034042119665803,-0.29768220359200137,-0.32940768537900034,1.9910284712684385,-0.5110856845951085,0
-1.3244316250918151,-0.7034042119665803,-0.29768220359200137,-0.32940768537900034,1.9910284712684385,-0.5110856845951085,0
-1.4178139413511495,-0.7034042119665803,-0.29768220359200137,-0.32940768537900034,1.9910284712684385,-0.5110856845951085,0
-1.5734511351167064,-0.7034042119665803,-0.29768220359200137,-0.32940768537900034,1.9910284712684385,-0.5110856845951085,0
-1.386686502598038,-0.7034042119665803,-0.29768220359200137,-0.32940768537900034,1.9910284712684385,-0.5110856845951085,0
-1.3555590638449266,-0.7034042119665803,-0.29768220359200137,-0.32940768537900034,1.9910284712684385,-0.5110856845951085,0
-1.2621767475855923,-0.7034042119665803,-0.29768220359200137,-0.32940768537900034,1.9910284712684385,-0.5110856845951085,0
-1.4178139413511495,-0.7034042119665803,-0.29768220359200137,-0.32940768537900034,1.9910284712684385,-0.5110856845951085,0
-1.168794431326258,-0.7034042119665803,-0.29768220359200137,-0.32940768537900034,1.9910284712684385,-0.5110856845951085,0
-1.3555590638449266,-0.7034042119665803,-0.29768220359200137,-0.32940768537900034,1.9910284712684385,-0.5110856845951085,0
-1.1376669925731466,-0.7034042119665803,-0.29768220359200137,-0.32940768537900034,1.9910284712684385,-0.5110856845951085,0
-1.3244316250918151,-0.7034042119665803,-0.29768220359200137,-0.32940768537900034,1.9910284712684385,-0.5110856845951085,0
-1.4178139413511495,-0.7034042119665803,-0.29768220359200137,-0.32940768537900034,1.9910284712684385,-0.5110856845951085,0
-1.386686502598038,-0.7034042119665803,-0.29768220359200137,-0.32940768537900034,1.9910284712684385,-0.5110856845951085,0
-1.3555590638449266,-0.7034042119665803,-0.29768220359200137,-0.32940768537900034,1.9910284712684385,-0.5110856845951085,0
-1.3244316250918151,-0.7034042119665803,-0.29768220359200137,-0.32940768537900034,1.9910284712684385,-0.5110856845951085,0
-1.4489413801042608,-0.7034042119665803,-0.29768220359200137,-0.32940768537900034,1.9910284712684385,-0.5110856845951085,0
1.041253720144653,-0.7034042119665803,-0.29768220359200137,-0.32940768537900034,1.9910284712684385,-0.5110856845951085,0
-1.3244316250918151,-0.7034042119665803,-0.29768220359200137,-0.32940768537900034,1.9910284712684385,-0.5110856845951085,0
-1.168794431326258,-0.7034042119665803,-0.29768220359200137,-0.32940768537900034,1.9910284712684385,-0.5110856845951085,0
-1.2933041863387036,-0.7034042119665803,-0.29768220359200137,-0.32940768537900034,1.9910284712684385,-0.5110856845951085,0
1.1968909139102102,-0.7034042119665803,-0.29768220359200137,-0.32940768537900034,1.9910284712684385,-0.5110856845951085,0
-1.4489413801042608,-0.7034042119665803,-0.29768220359200137,-0.32940768537900034,1.9910284712684385,-0.5110856845951085,0
-1.5423236963635951,-0.7034042119665803,-0.29768220359200137,-0.32940768537900034,1.9910284712684385,-0.5110856845951085,0
-1.1999218700793695,-0.7034042119665803,-0.29768220359200137,-0.32940768537900034,1.9910284712684385,-0.5110856845951085,0
-1.3555590638449266,-0.7034042119665803,-0.29768220359200137,-0.32940768537900034,1.9910284712684385,-0.5110856845951085,0
1.1035085976508758,-0.7034042119665803,-0.29768220359200137,-0.32940768537900034,1.9910284712684385,-0.5110856845951085,0
0.9167439651322072,-0.7034042119665803,-0.29768220359200137,-0.32940768537900034,1.9910284712684385,-0.5110856845951085,0
-1.3555590638449266,-0.7034042119665803,-0.29768220359200137,-0.32940768537900034,1.9910284712684385,-0.5110856845951085,0
-1.013157237560701,-0.7034042119665803,-0.29768220359200137,-0.32940768537900034,1.9910284712684385,-0.5110856845951085,0
-1.106539553820035,-0.7034042119665803,-0.29768220359200137,-0.32940768537900034,1.9910284712684385,-0.5110856845951085,0
-0.9820297988075894,-0.7034042119665803,-0.29768220359200137,-0.32940768537900034,1.9910284712684385,-0.5110856845951085,0
-0.9197749213013666,-0.7034042119665803,-0.29768220359200137,-0.32940768537900034,1.9910284712684385,-0.5110856845951085,0
-1.604578573869818,-0.7034042119665803,-0.29768220359200137,-0.32940768537900034,1.9910284712684385,-0.5110856845951085,0
-1.4489413801042608,-0.7034042119665803,-0.29768220359200137,-0.32940768537900034,1.9910284712684385,-0.5110856845951085,0
-1.4178139413511495,-0.7034042119665803,-0.29768220359200137,-0.32940768537900034,1.9910284712684385,-0.5110856845951085,0
0.9478714038853187,-0.7034042119665803,-0.29768220359200137,-0.32940768537900034,1.9910284712684385,-0.5110856845951085,0
0.9478714038853187,-0.7034042119665803,-0.29768220359200137,-0.32940768537900034,1.9910284712684385,-0.5110856845951085,0
-1.1376669925731466,-0.7034042119665803,-0.29768220359200137,-0.32940768537900034,1.9910284712684385,-0.5110856845951085,0
-1.4178139413511495,-0.7034042119665803,-0.29768220359200137,-0.32940768537900034,1.9910284712684385,-0.5110856845951085,0
-1.4489413801042608,-0.7034042119665803,-0.29768220359200137,-0.32940768537900034,1.9910284712684385,-0.5110856845951085,0
-1.4489413801042608,-0.7034042119665803,-0.29768220359200137,-0.32940768537900034,1.9910284712684385,-0.5110856845951085,0
0.9789988426384302,-0.7034042119665803,-0.29768220359200137,-0.32940768537900034,1.9910284712684385,-0.5110856845951085,0
-1.7290883288822636,-0.7034042119665803,-0.29768220359200137,-0.32940768537900034,1.9910284712684385,-0.5110856845951085,0
1.041253720144653,-0.7034042119665803,-0.29768220359200137,-0.32940768537900034,1.9910284712684385,-0.5110856845951085,0
-1.4800688188573723,-0.7034042119665803,-0.29768220359200137,-0.32940768537900034,1.9910284712684385,-0.5110856845951085,0
-1.3244316250918151,-0.7034042119665803,-0.29768220359200137,-0.32940768537900034,1.9910284712684385,-0.5110856845951085,0
-1.386686502598038,-0.7034042119665803,-0.29768220359200137,-0.32940768537900034,1.9910284712684385,-0.5110856845951085,0
-1.3244316250918151,-0.7034042119665803,-0.29768220359200137,-0.32940768537900034,1.9910284712684385,-0.5110856845951085,0
-1.2310493088324808,-0.7034042119665803,-0.29768220359200137,-0.32940768537900034,1.9910284712684385,-0.5110856845951085,0
-1.2933041863387036,-0.7034042119665803,-0.29768220359200137,-0.32940768537900034,1.9910284712684385,-0.5110856845951085,0
-1.386686502598038,-0.7034042119665803,-0.29768220359200137,-0.32940768537900034,1.9910284712684385,-0.5110856845951085,0
-1.4800688188573723,-0.7034042119665803,-0.29768220359200137,-0.32940768537900034,1.9910284712684385,-0.5110856845951085,0
-1.4489413801042608,-0.7034042119665803,-0.29768220359200137,-0.32940768537900034,1.9910284712684385,-0.5110856845951085,0
-1.0754121150669238,-0.7034042119665803,-0.29768220359200137,-0.32940768537900034,1.9910284712684385,-0.5110856845951085,0
-1.1999218700793695,-0.7034042119665803,-0.29768220359200137,-0.32940768537900034,1.9910284712684385,-0.5110856845951085,0
-1.2310493088324808,-0.7034042119665803,-0.29768220359200137,-0.32940768537900034,1.9910284712684385,-0.5110856845951085,0
-1.386686502598038,-0.7034042119665803,-0.29768220359200137,-0.32940768537900034,1.9910284712684385,-0.5110856845951085,0
-1.2933041863387036,-0.7034042119665803,-0.29768220359200137,-0.32940768537900034,1.9910284712684385,-0.5110856845951085,0
-1.2310493088324808,-0.7034042119665803,-0.29768220359200137,-0.32940768537900034,1.9910284712684385,-0.5110856845951085,0
-1.0754121150669238,-0.7034042119665803,-0.29768220359200137,-0.32940768537900034,1.9910284712684385,-0.5110856845951085,0
-1.3555590638449266,-0.7034042119665803,-0.29768220359200137,-0.32940768537900034,1.9910284712684385,-0.5110856845951085,0
-1.3555590638449266,-0.7034042119665803,-0.29768220359200137,-0.32940768537900034,1.9910284712684385,-0.5110856845951085,0
-1.168794431326258,-0.7034042119665803,-0.29768220359200137,-0.32940768537900034,1.9910284712684385,-0.5110856845951085,0
-1.2310493088324808,-0.7034042119665803,-0.29768220359200137,-0.32940768537900034,1.9910284712684385,-0.5110856845951085,0
-1.106539553820035,-0.7034042119665803,-0.29768220359200137,-0.32940768537900034,1.9910284712684385,-0.5110856845951085,0
-0.950902360054478,-0.7034042119665803,-0.29768220359200137,-0.32940768537900034,1.9910284712684385,-0.5110856845951085,0
-0.9197749213013666,-0.7034042119665803,-0.29768220359200137,-0.32940768537900034,1.9910284712684385,-0.5110856845951085,0
-1.0442846763138123,-0.7034042119665803,-0.29768220359200137,-0.32940768537900034,1.9910284712684385,-0.5110856845951085,0
-1.1376669925731466,-0.7034042119665803,-0.29768220359200137,-0.32940768537900034,1.9910284712684385,-0.5110856845951085,0
0.9789988426384302,-0.7034042119665803,-0.29768220359200137,-0.32940768537900034,1.9910284712684385,-0.5110856845951085,0
-1.168794431326258,-0.7034042119665803,-0.29768220359200137,-0.32940768537900034,1.9910284712684385,-0.5110856845951085,0
-1.2310493088324808,-0.7034042119665803,-0.29768220359200137,-0.32940768537900034,1.9910284712684385,-0.5110856845951085,0
-1.3244316250918151,-0.7034042119665803,-0.29768220359200137,-0.32940768537900034,1.9910284712684385,-0.5110856845951085,0
0.9478714038853187,-0.7034042119665803,-0.29768220359200137,-0.32940768537900034,1.9910284712684385,-0.5110856845951085,0
0.9167439651322072,-0.7034042119665803,-0.29768220359200137,-0.32940768537900034,1.9910284712684385,-0.5110856845951085,0
-1.2933041863387036,-0.7034042119665803,-0.29768220359200137,-0.32940768537900034,1.9910284712684385,-0.5110856845951085,0
-1.4178139413511495,-0.7034042119665803,-0.29768220359200137,-0.32940768537900034,1.9910284712684385,-0.5110856845951085,0
-1.2310493088324808,-0.7034042119665803,-0.29768220359200137,-0.32940768537900034,1.9910284712684385,-0.5110856845951085,0
-1.3555590638449266,-0.7034042119665803,-0.29768220359200137,-0.32940768537900034,1.9910284712684385,-0.5110856845951085,0
-1.2310493088324808,-0.7034042119665803,-0.29768220359200137,-0.32940768537900034,1.9910284712684385,-0.5110856845951085,0
-1.2933041863387036,-0.7034042119665803,-0.29768220359200137,-0.32940768537900034,1.9910284712684385,-0.5110856845951085,0
-1.2310493088324808,-0.7034042119665803,-0.29768220359200137,-0.32940768537900034,1.9910284712684385,-0.5110856845951085,0
-1.168794431326258,-0.7034042119665803,-0.29768220359200137,-0.32940768537900034,1.9910284712684385,-0.5110856845951085,0
-1.4489413801042608,-0.7034042119665803,-0.29768220359200137,-0.32940768537900034,1.9910284712684385,-0.5110856845951085,0
-1.2310493088324808,-0.7034042119665803,-0.29768220359200137,-0.32940768537900034,1.9910284712684385,-0.5110856845951085,0
-1.106539553820035,-0.7034042119665803,-0.29768220359200137,-0.32940768537900034,1.9910284712684385,-0.5110856845951085,0
-1.2621767475855923,-0.7034042119665803,-0.29768220359200137,-0.32940768537900034,1.9910284712684385,-0.5110856845951085,0
0.9789988426384302,-0.7034042119665803,-0.29768220359200137,-0.32940768537900034,1.9910284712684385,-0.5110856845951085,0
-1.386686502598038,-0.7034042119665803,-0.29768220359200137,-0.32940768537900034,1.9910284712684385,-0.5110856845951085,0
0.8856165263790958,-0.7034042119665803,-0.29768220359200137,-0.32940768537900034,1.9910284712684385,-0.5110856845951085,0
-1.106539553820035,-0.7034042119665803,-0.29768220359200137,-0.32940768537900034,1.9910284712684385,-0.5110856845951085,0
0.9478714038853187,-0.7034042119665803,-0.29768220359200137,-0.32940768537900034,1.9910284712684385,-0.5110856845951085,0
0.9789988426384302,-0.7034042119665803,-0.29768220359200137,-0.32940768537900034,1.9910284712684385,-0.5110856845951085,0
1.4770378626882128,-0.7034042119665803,-0.29768220359200137,-0.32940768537900034,1.9910284712684385,-0.5110856845951085,0
-1.386686502598038,-0.7034042119665803,-0.29768220359200137,-0.32940768537900034,1.9910284712684385,-0.5110856845951085,0
0.9478714038853187,-0.7034042119665803,-0.29768220359200137,-0.32940768537900034,1.9910284712684385,-0.5110856845951085,0
-1.3555590638449266,-0.7034042119665803,-0.29768220359200137,-0.32940768537900034,1.9910284712684385,-0.5110856845951085,0
-1.4489413801042608,-0.7034042119665803,-0.29768220359200137,-0.32940768537900034,1.9910284712684385,-0.5110856845951085,0
-1.4800688188573723,-0.7034042119665803,-0.29768220359200137,-0.32940768537900034,1.9910284712684385,-0.5110856845951085,0
-1.2310493088324808,-0.7034042119665803,-0.29768220359200137,-0.32940768537900034,1.9910284712684385,-0.5110856845951085,0
-1.4178139413511495,-0.7034042119665803,-0.29768220359200137,-0.32940768537900034,1.9910284712684385,-0.5110856845951085,0
-1.5111962576104836,-0.7034042119665803,-0.29768220359200137,-0.32940768537900034,1.9910284712684385,-0.5110856845951085,0
-1.3555590638449266,-0.7034042119665803,-0.29768220359200137,-0.32940768537900034,1.9910284712684385,-0.5110856845951085,0
-1.386686502598038,-0.7034042119665803,-0.29768220359200137,-0.32940768537900034,1.9910284712684385,-0.5110856845951085,0
-1.4489413801042608,-0.7034042119665803,-0.29768220359200137,-0.32940768537900034,1.9910284712684385,-0.5110856845951085,0
-1.2933041863387036,-0.7034042119665803,-0.29768220359200137,-0.32940768537900034,1.9910284712684385,-0.5110856845951085,0
-1.3555590638449266,-0.7034042119665803,-0.29768220359200137,-0.32940768537900034,1.9910284712684385,-0.5110856845951085,0
0.9167439651322072,-0.7034042119665803,-0.29768220359200137,-0.32940768537900034,1.9910284712684385,-0.5110856845951085,0
-1.5111962576104836,-0.7034042119665803,-0.29768220359200137,-0.32940768537900034,1.9910284712684385,-0.5110856845951085,0
-1.4489413801042608,-0.7034042119665803,-0.29768220359200137,-0.32940768537900034,1.9910284712684385,-0.5110856845951085,0
-1.4800688188573723,-0.7034042119665803,-0.29768220359200137,-0.32940768537900034,1.9910284712684385,-0.5110856845951085,0
-1.4489413801042608,-0.7034042119665803,-0.29768220359200137,-0.32940768537900034,1.9910284712684385,-0.5110856845951085,0
-1.1999218700793695,-0.7034042119665803,-0.29768220359200137,-0.32940768537900034,1.9910284712684385,-0.5110856845951085,0
-1.2933041863387036,-0.7034042119665803,-0.29768220359200137,-0.32940768537900034,1.9910284712684385,-0.5110856845951085,0
-1.2933041863387036,-0.7034042119665803,-0.29768220359200137,-0.32940768537900034,1.9910284712684385,-0.5110856845951085,0
-1.4178139413511495,-0.7034042119665803,-0.29768220359200137,-0.32940768537900034,1.9910284712684385,-0.5110856845951085,0
-1.2933041863387036,-0.7034042119665803,-0.29768220359200137,-0.32940768537900034,1.9910284712684385,-0.5110856845951085,0
-1.3244316250918151,-0.7034042119665803,-0.29768220359200137,-0.32940768537900034,1.9910284712684385,-0.5110856845951085,0
-1.2933041863387036,-0.7034042119665803,-0.29768220359200137,-0.32940768537900034,1.9910284712684385,-0.5110856845951085,0
-1.3555590638449266,-0.7034042119665803,-0.29768220359200137,-0.32940768537900034,1.9910284712684385,-0.5110856845951085,0
-1.5111962576104836,-0.7034042119665803,-0.29768220359200137,-0.32940768537900034,1.9910284712684385,-0.5110856845951085,0
-1.3244316250918151,-0.7034042119665803,-0.29768220359200137,-0.32940768537900034,1.9910284712684385,-0.5110856845951085,0
-1.2621767475855923,-0.7034042119665803,-0.29768220359200137,-0.32940768537900034,1.9910284712684385,-0.5110856845951085,0
1.2902732301695443,-0.7034042119665803,-0.29768220359200137,-0.32940768537900034,1.9910284712684385,-0.5110856845951085,0
-1.4489413801042608,-0.7034042119665803,-0.29768220359200137,-0.32940768537900034,1.9910284712684385,-0.5110856845951085,0
-1.4178139413511495,-0.7034042119665803,-0.29768220359200137,-0.32940768537900034,1.9910284712684385,-0.5110856845951085,0
-1.4800688188573723,-0.7034042119665803,-0.29768220359200137,-0.32940768537900034,1.9910284712684385,-0.5110856845951085,0
-1.5111962576104836,-0.7034042119665803,-0.29768220359200137,-0.32940768537900034,1.9910284712684385,-0.5110856845951085,0
-1.3555590638449266,-0.7034042119665803,-0.29768220359200137,-0.32940768537900034,1.9910284712684385,-0.5110856845951085,0
-1.5111962576104836,-0.7034042119665803,-0.29768220359200137,-0.32940768537900034,1.9910284712684385,-0.5110856845951085,0
-1.4489413801042608,-0.7034042119665803,-0.29768220359200137,-0.32940768537900034,1.9910284712684385,-0.5110856845951085,0
-1.4489413801042608,-0.7034042119665803,-0.29768220359200137,-0.32940768537900034,1.9910284712684385,-0.5110856845951085,0
-1.386686502598038,-0.7034042119665803,-0.29768220359200137,-0.32940768537900034,1.9910284712684385,-0.5110856845951085,0
-1.386686502598038,-0.7034042119665803,-0.29768220359200137,-0.32940768537900034,1.9910284712684385,-0.5110856845951085,0
0.9478714038853187,-0.7034042119665803,-0.29768220359200137,-0.32940768537900034,1.9910284712684385,-0.5110856845951085,0
-1.4178139413511495,-0.7034042119665803,-0.29768220359200137,-0.32940768537900034,1.9910284712684385,-0.5110856845951085,0
-1.5111962576104836,-0.7034042119665803,-0.29768220359200137,-0.32940768537900034,1.9910284712684385,-0.5110856845951085,0
-1.4489413801042608,-0.7034042119665803,-0.29768220359200137,-0.32940768537900034,1.9910284712684385,-0.5110856845951085,0
-1.5111962576104836,-0.7034042119665803,-0.29768220359200137,-0.32940768537900034,1.9910284712684385,-0.5110856845951085,0
-1.3555590638449266,-0.7034042119665803,-0.29768220359200137,-0.32940768537900034,1.9910284712684385,-0.5110856845951085,0
-1.3244316250918151,-0.7034042119665803,-0.29768220359200137,-0.32940768537900034,1.9910284712684385,-0.5110856845951085,0
-1.2933041863387036,-0.7034042119665803,-0.29768220359200137,-0.32940768537900034,1.9910284712684385,-0.5110856845951085,0
-1.4489413801042608,-0.7034042119665803,-0.29768220359200137,-0.32940768537900034,1.9910284712684385,-0.5110856845951085,0
-1.5423236963635951,-0.7034042119665803,-0.29768220359200137,-0.32940768537900034,1.9910284712684385,-0.5110856845951085,0
-1.2933041863387036,-0.7034042119665803,-0.29768220359200137,-0.32940768537900034,1.9910284712684385,-0.5110856845951085,0
-1.3555590638449266,-0.7034042119665803,-0.29768220359200137,-0.32940768537900034,1.9910284712684385,-0.5110856845951085,0
0.9478714038853187,-0.7034042119665803,-0.29768220359200137,-0.32940768537900034,1.9910284712684385,-0.5110856845951085,0
-1.2621767475855923,-0.7034042119665803,-0.29768220359200137,-0.32940768537900034,1.9910284712684385,-0.5110856845951085,0
-1.2933041863387036,-0.7034042119665803,-0.29768220359200137,-0.32940768537900034,1.9910284712684385,-0.5110856845951085,0
-1.2933041863387036,-0.7034042119665803,-0.29768220359200137,-0.32940768537900034,1.9910284712684385,-0.5110856845951085,0
-1.3555590638449266,-0.7034042119665803,-0.29768220359200137,-0.32940768537900034,1.9910284712684385,-0.5110856845951085,0
-1.4178139413511495,-0.7034042119665803,-0.29768220359200137,-0.32940768537900034,1.9910284712684385,-0.5110856845951085,0
-1.4178139413511495,-0.7034042119665803,-0.29768220359200137,-0.32940768537900034,1.9910284712684385,-0.5110856845951085,0
-1.3244316250918151,-0.7034042119665803,-0.29768220359200137,-0.32940768537900034,1.9910284712684385,-0.5110856845951085,0
-1.4178139413511495,-0.7034042119665803,-0.29768220359200137,-0.32940768537900034,1.9910284712684385,-0.5110856845951085,0
-1.386686502598038,-0.7034042119665803,-0.29768220359200137,-0.32940768537900034,1.9910284712684385,-0.5110856845951085,0
1.1035085976508758,-0.7034042119665803,-0.29768220359200137,-0.32940768537900034,1.9910284712684385,-0.5110856845951085,0
-1.4178139413511495,-0.7034042119665803,-0.29768220359200137,-0.32940768537900034,1.9910284712684385,-0.5110856845951085,0
-1.4489413801042608,-0.7034042119665803,-0.29768220359200137,-0.32940768537900034,1.9910284712684385,-0.5110856845951085,0
-1.4178139413511495,-0.7034042119665803,-0.29768220359200137,-0.32940768537900034,1.9910284712684385,-0.5110856845951085,0
-1.3244316250918151,-0.7034042119665803,-0.29768220359200137,-0.32940768537900034,1.9910284712684385,-0.5110856845951085,0
-1.3555590638449266,-0.7034042119665803,-0.29768220359200137,-0.32940768537900034,1.9910284712684385,-0.5110856845951085,0
-1.386686502598038,-0.7034042119665803,-0.29768220359200137,-0.32940768537900034,1.9910284712684385,-0.5110856845951085,0
-1.5111962576104836,-0.7034042119665803,-0.29768220359200137,-0.32940768537900034,1.9910284712684385,-0.5110856845951085,0
-1.3555590638449266,-0.7034042119665803,-0.29768220359200137,-0.32940768537900034,1.9910284712684385,-0.5110856845951085,0
-1.386686502598038,-0.7034042119665803,-0.29768220359200137,-0.32940768537900034,1.9910284712684385,-0.5110856845951085,0
-1.386686502598038,-0.7034042119665803,-0.29768220359200137,-0.32940768537900034,1.9910284712684385,-0.5110856845951085,0
-1.5111962576104836,-0.7034042119665803,-0.29768220359200137,-0.32940768537900034,1.9910284712684385,-0.5110856845951085,0
0.9789988426384302,-0.7034042119665803,-0.29768220359200137,-0.32940768537900034,1.9910284712684385,-0.5110856845951085,0
-1.4800688188573723,-0.7034042119665803,-0.29768220359200137,-0.32940768537900034,1.9910284712684385,-0.5110856845951085,0
-1.2621767475855923,-0.7034042119665803,-0.29768220359200137,-0.32940768537900034,1.9910284712684385,-0.5110856845951085,0
-1.1999218700793695,-0.7034042119665803,-0.29768220359200137,-0.32940768537900034,1.9910284712684385,-0.5110856845951085,0
-1.1999218700793695,-0.7034042119665803,-0.29768220359200137,-0.32940768537900034,1.9910284712684385,-0.5110856845951085,0
-1.2933041863387036,-0.7034042119665803,-0.29768220359200137,-0.32940768537900034,1.9910284712684385,-0.5110856845951085,0
-1.0442846763138123,-0.7034042119665803,-0.29768220359200137,-0.32940768537900034,1.9910284712684385,-0.5110856845951085,0
-1.2933041863387036,-0.7034042119665803,-0.29768220359200137,-0.32940768537900034,1.9910284712684385,-0.5110856845951085,0
-1.168794431326258,-0.7034042119665803,-0.29768220359200137,-0.32940768537900034,1.9910284712684385,-0.5110856845951085,0
-1.3555590638449266,-0.7034042119665803,-0.29768220359200137,-0.32940768537900034,1.9910284712684385,-0.5110856845951085,0
0.9478714038853187,-0.7034042119665803,-0.29768220359200137,-0.32940768537900034,1.9910284712684385,-0.5110856845951085,0
-1.2310493088324808,-0.7034042119665803,-0.29768220359200137,-0.32940768537900034,1.9910284712684385,-0.5110856845951085,0
-1.604578573869818,-0.7034042119665803,-0.29768220359200137,-0.32940768537900034,1.9910284712684385,-0.5110856845951085,0
-1.386686502598038,-0.7034042119665803,-0.29768220359200137,-0.32940768537900034,1.9910284712684385,-0.5110856845951085,0
-1.3244316250918151,-0.7034042119665803,-0.29768220359200137,-0.32940768537900034,1.9910284712684385,-0.5110856845951085,0
-1.386686502598038,-0.7034042119665803,-0.29768220359200137,-0.32940768537900034,1.9910284712684385,-0.5110856845951085,0
-1.2933041863387036,-0.7034042119665803,-0.29768220359200137,-0.32940768537900034,1.9910284712684385,-0.5110856845951085,0
-1.386686502598038,-0.7034042119665803,-0.29768220359200137,-0.32940768537900034,1.9910284712684385,-0.5110856845951085,0
0.9478714038853187,-0.7034042119665803,-0.29768220359200137,-0.32940768537900034,1.9910284712684385,-0.5110856845951085,0
-1.4178139413511495,-0.7034042119665803,-0.29768220359200137,-0.32940768537900034,1.9910284712684385,-0.5110856845951085,0
-1.3244316250918151,-0.7034042119665803,-0.29768220359200137,-0.32940768537900034,1.9910284712684385,-0.5110856845951085,0
-1.2621767475855923,-0.7034042119665803,-0.29768220359200137,-0.32940768537900034,1.9910284712684385,-0.5110856845951085,0
0.7611067713666502,-0.7034042119665803,-0.29768220359200137,-0.32940768537900034,1.9910284712684385,-0.5110856845951085,0
-1.4800688188573723,-0.7034042119665803,-0.29768220359200137,-0.32940768537900034,1.9910284712684385,-0.5110856845951085,0
-1.386686502598038,-0.7034042119665803,-0.29768220359200137,-0.32940768537900034,1.9910284712684385,-0.5110856845951085,0
-1.2933041863387036,-0.7034042119665803,-0.29768220359200137,-0.32940768537900034,1.9910284712684385,-0.5110856845951085,0
-1.3555590638449266,-0.7034042119665803,-0.29768220359200137,-0.32940768537900034,1.9910284712684385,-0.5110856845951085,0
-1.3244316250918151,-0.7034042119665803,-0.29768220359200137,-0.32940768537900034,1.9910284712684385,-0.5110856845951085,0
-1.3555590638449266,-0.7034042119665803,-0.29768220359200137,-0.32940768537900034,1.9910284712684385,-0.5110856845951085,0
-1.1376669925731466,-0.7034042119665803,-0.29768220359200137,-0.32940768537900034,1.9910284712684385,-0.5110856845951085,0
-1.3244316250918151,-0.7034042119665803,-0.29768220359200137,-0.32940768537900034,1.9910284712684385,-0.5110856845951085,0
0.9167439651322072,-0.7034042119665803,-0.29768220359200137,-0.32940768537900034,1.9910284712684385,-0.5110856845951085,0
-1.386686502598038,-0.7034042119665803,-0.29768220359200137,-0.32940768537900034,1.9910284712684385,-0.5110856845951085,0
-1.386686502598038,-0.7034042119665803,-0.29768220359200137,-0.32940768537900034,1.9910284712684385,-0.5110856845951085,0
-1.1376669925731466,-0.7034042119665803,-0.29768220359200137,-0.32940768537900034,1.9910284712684385,-0.5110856845951085,0
-1.2933041863387036,-0.7034042119665803,-0.29768220359200137,-0.32940768537900034,1.9910284712684385,-0.5110856845951085,0
-1.1999218700793695,-0.7034042119665803,-0.29768220359200137,-0.32940768537900034,1.9910284712684385,-0.5110856845951085,0
-1.2933041863387036,-0.7034042119665803,-0.29768220359200137,-0.32940768537900034,1.9910284712684385,-0.5110856845951085,0
-1.2933041863387036,-0.7034042119665803,-0.29768220359200137,-0.32940768537900034,1.9910284712684385,-0.5110856845951085,0
-1.1999218700793695,-0.7034042119665803,-0.29768220359200137,-0.32940768537900034,1.9910284712684385,-0.5110856845951085,0
-1.2933041863387036,-0.7034042119665803,-0.29768220359200137,-0.32940768537900034,1.9910284712684385,-0.5110856845951085,0
-1.1376669925731466,-0.7034042119665803,-0.29768220359200137,-0.32940768537900034,1.9910284712684385,-0.5110856845951085,0
-1.2621767475855923,-0.7034042119665803,-0.29768220359200137,-0.32940768537900034,1.9910284712684385,-0.5110856845951085,0
-1.2621767475855923,-0.7034042119665803,-0.29768220359200137,-0.32940768537900034,1.9910284712684385,-0.5110856845951085,0
-0.6396279725233638,-0.7034042119665803,-0.29768220359200137,-0.32940768537900034,1.9910284712684385,-0.5110856845951085,0
-0.6085005337702524,-0.7034042119665803,-0.29768220359200137,-0.32940768537900034,1.9910284712684385,-0.5110856845951085,0
-0.6707554112764752,-0.7034042119665803,-0.29768220359200137,-0.32940768537900034,1.9910284712684385,-0.5110856845951085,0
-0.5151182175109181,-0.7034042119665803,-0.29768220359200137,-0.32940768537900034,1.9910284712684385,-0.5110856845951085,0
-0.8886474825482552,-0.7034042119665803,-0.29768220359200137,-0.32940768537900034,1.9910284712684385,-0.5110856845951085,0
-0.6085005337702524,-0.7034042119665803,-0.29768220359200137,-0.32940768537900034,1.9910284712684385,-0.5110856845951085,0
-0.577373095017141,-0.7034042119665803,-0.29768220359200137,-0.32940768537900034,1.9910284712684385,-0.5110856845951085,0
-0.5462456562640295,-0.7034042119665803,-0.29768220359200137,-0.32940768537900034,1.9910284712684385,-0.5110856845951085,0
-0.5151182175109181,-0.7034042119665803,-0.29768220359200137,-0.32940768537900034,1.9910284712684385,-0.5110856845951085,0
-0.3283535849922496,-0.7034042119665803,-0.29768220359200137,-0.32940768537900034,1.9910284712684385,-0.5110856845951085,0
-0.359481023745361,-0.7034042119665803,-0.29768220359200137,-0.32940768537900034,1.9910284712684385,-0.5110856845951085,0
-0.4217359012515839,-0.7034042119665803,-0.29768220359200137,-0.32940768537900034,1.9910284712684385,-0.5110856845951085,0
-0.4528633400046953,-0.7034042119665803,-0.29768220359200137,-0.32940768537900034,1.9910284712684385,-0.5110856845951085,0
-1.7913432063884864,-0.5218232071219026,-0.29768220359200137,-0.32940768537900034,1.9910284712684385,-0.5110856845951085,0
-1.822470645141598,-0.5218232071219026,-0.29768220359200137,-0.32940768537900034,1.9910284712684385,-0.5110856845951085,0
-1.7290883288822636,-0.5218232071219026,-0.29768220359200137,-0.32940768537900034,1.9910284712684385,-0.5110856845951085,0
-1.915852961400932,-0.7034042119665803,-0.29768220359200137,-0.32940768537900034,1.9910284712684385,-0.5110856845951085,0
-1.9469804001540436,-0.7034042119665803,-0.29768220359200137,-0.32940768537900034,1.9910284712684385,-0.5110856845951085,0
-1.5423236963635951,-0.7034042119665803,-0.29768220359200137,-0.32940768537900034,1.9910284712684385,-0.5110856845951085,0
-1.5111962576104836,-0.7034042119665803,-0.29768220359200137,-0.32940768537900034,1.9910284712684385,-0.5110856845951085,0
-1.5423236963635951,-0.7034042119665803,-0.29768220359200137,-0.32940768537900034,1.9910284712684385,-0.5110856845951085,0
-1.5423236963635951,-0.7034042119665803,-0.29768220359200137,-0.32940768537900034,1.9910284712684385,-0.5110856845951085,0
-1.5111962576104836,-0.7034042119665803,-0.29768220359200137,-0.32940768537900034,1.9910284712684385,-0.5110856845951085,0
-1.4489413801042608,-0.7034042119665803,-0.29768220359200137,-0.32940768537900034,1.9910284712684385,-0.5110856845951085,0
-1.386686502598038,-0.7034042119665803,-0.29768220359200137,-0.32940768537900034,1.9910284712684385,-0.5110856845951085,0
-1.386686502598038,-0.7034042119665803,-0.29768220359200137,-0.32940768537900034,1.9910284712684385,-0.5110856845951085,0
-1.2933041863387036,-0.7034042119665803,-0.29768220359200137,-0.32940768537900034,1.9910284712684385,-0.5110856845951085,0
-2.351637103944492,-0.7034042119665803,-0.29768220359200137,-0.32940768537900034,1.9910284712684385,-0.5110856845951085,0
0.07630311879819889,-0.7034042119665803,-0.29768220359200137,-0.32940768537900034,1.9910284712684385,-0.5110856845951085,0
0.9167439651322072,0.3860818171014863,-0.29768220359200137,-0.32940768537900034,-0.5022529885586836,-0.5110856845951085,0
0.9789988426384302,-0.5218232071219026,-0.29768220359200137,-0.32940768537900034,-0.5022529885586836,-0.5110856845951085,0
0.4809598225886474,-0.5218232071219026,-0.29768220359200137,-0.32940768537900034,-0.5022529885586836,-0.5110856845951085,0
1.3214006689226558,-0.5218232071219026,-0.29768220359200137,-0.32940768537900034,-0.5022529885586836,-0.5110856845951085,0
1.1035085976508758,-0.5218232071219026,-0.29768220359200137,-0.32940768537900034,-0.5022529885586836,-0.5110856845951085,0
0.7922342101197616,-0.5218232071219026,-0.29768220359200137,-0.32940768537900034,-0.5022529885586836,-0.5110856845951085,0
0.8544890876259844,-0.5218232071219026,-0.29768220359200137,-0.32940768537900034,-0.5022529885586836,-0.5110856845951085,0
1.259145791416433,-0.5218232071219026,-0.29768220359200137,-0.32940768537900034,-0.5022529885586836,-0.5110856845951085,0
0.7922342101197616,-0.5218232071219026,-0.29768220359200137,-0.32940768537900034,-0.5022529885586836,-0.5110856845951085,0
0.9478714038853187,-0.5218232071219026,-0.29768220359200137,-0.32940768537900034,-0.5022529885586836,-0.5110856845951085,0
0.823361648872873,-0.5218232071219026,-0.29768220359200137,-0.32940768537900034,-0.5022529885586836,-0.5110856845951085,0
1.1657634751570987,-0.5218232071219026,-0.29768220359200137,-0.32940768537900034,-0.5022529885586836,-0.5110856845951085,0
0.823361648872873,-0.5218232071219026,-0.29768220359200137,-0.32940768537900034,-0.5022529885586836,-0.5110856845951085,0
1.1968909139102102,-0.5218232071219026,-0.29768220359200137,-0.32940768537900034,-0.5022529885586836,-0.5110856845951085,0
0.8856165263790958,-0.5218232071219026,-0.29768220359200137,-0.32940768537900034,-0.5022529885586836,-0.5110856845951085,0
0.13855799630442173,-0.5218232071219026,-0.29768220359200137,-0.32940768537900034,-0.5022529885586836,-0.5110856845951085,0
0.8544890876259844,-0.5218232071219026,-0.29768220359200137,-0.32940768537900034,-0.5022529885586836,-0.5110856845951085,0
1.3525281076757671,-0.5218232071219026,-0.29768220359200137,-0.32940768537900034,-0.5022529885586836,-0.5110856845951085,0
0.823361648872873,-0.5218232071219026,-0.29768220359200137,-0.32940768537900034,-0.5022529885586836,-0.5110856845951085,0
1.1657634751570987,-0.5218232071219026,-0.29768220359200137,-0.32940768537900034,-0.5022529885586836,-0.5110856845951085,0
0.16968543505753314,-0.5218232071219026,-0.29768220359200137,-0.32940768537900034,-0.5022529885586836,-0.5110856845951085,0
0.4498323838355359,-0.5218232071219026,-0.29768220359200137,-0.32940768537900034,-0.5022529885586836,-0.5110856845951085,0
0.6988518938604273,-0.5218232071219026,-0.29768220359200137,-0.32940768537900034,-0.5022529885586836,-0.5110856845951085,0
0.7299793326135388,-0.5218232071219026,-0.29768220359200137,-0.32940768537900034,-0.5022529885586836,-0.5110856845951085,0
0.6365970163542045,-0.5218232071219026,-0.29768220359200137,-0.32940768537900034,-0.5022529885586836,-0.5110856845951085,0
0.6988518938604273,-0.5218232071219026,-0.29768220359200137,-0.32940768537900034,-0.5022529885586836,-0.5110856845951085,0
0.6988518938604273,-0.5218232071219026,-0.29768220359200137,-0.32940768537900034,-0.5022529885586836,-0.5110856845951085,0
1.041253720144653,-0.5218232071219026,-0.29768220359200137,-0.32940768537900034,-0.5022529885586836,-0.5110856845951085,0
1.0723811588977643,-0.5218232071219026,-0.29768220359200137,-0.32940768537900034,-0.5022529885586836,-0.5110856845951085,0
0.9167439651322072,-0.5218232071219026,-0.29768220359200137,-0.32940768537900034,-0.5022529885586836,-0.5110856845951085,0
1.1346360364039871,-0.5218232071219026,-0.29768220359200137,-0.32940768537900034,-0.5022529885586836,-0.5110856845951085,0
1.1035085976508758,-0.5218232071219026,-0.29768220359200137,-0.32940768537900034,-0.5022529885586836,-0.5110856845951085,0
0.9167439651322072,-0.5218232071219026,-0.29768220359200137,-0.32940768537900034,-0.5022529885586836,-0.5110856845951085,0
0.231940312563756,-0.5218232071219026,-0.29768220359200137,-0.32940768537900034,-0.5022529885586836,-0.5110856845951085,0
0.7922342101197616,-0.5218232071219026,-0.29768220359200137,-0.32940768537900034,-0.5022529885586836,-0.5110856845951085,0
0.8544890876259844,-0.5218232071219026,-0.29768220359200137,-0.32940768537900034,-0.5022529885586836,-0.5110856845951085,0
1.1346360364039871,-0.5218232071219026,-0.29768220359200137,-0.32940768537900034,-0.5022529885586836,-0.5110856845951085,0
1.1035085976508758,-0.5218232071219026,-0.29768220359200137,-0.32940768537900034,-0.5022529885586836,-0.5110856845951085,0
1.1657634751570987,-0.5218232071219026,-0.29768220359200137,-0.32940768537900034,-0.5022529885586836,-0.5110856845951085,0
1.3836555464288787,-0.5218232071219026,-0.29768220359200137,-0.32940768537900034,-0.5022529885586836,-0.5110856845951085,0
0.6677244551073159,-0.5218232071219026,-0.29768220359200137,-0.32940768537900034,-0.5022529885586836,-0.5110856845951085,0
0.9167439651322072,-0.5218232071219026,-0.29768220359200137,-0.32940768537900034,-0.5022529885586836,-0.5110856845951085,0
1.1968909139102102,-0.5218232071219026,-0.29768220359200137,-0.32940768537900034,-0.5022529885586836,-0.5110856845951085,0
0.8856165263790958,-0.5218232071219026,-0.29768220359200137,-0.32940768537900034,-0.5022529885586836,-0.5110856845951085,0
1.3214006689226558,-0.5218232071219026,-0.29768220359200137,-0.32940768537900034,-0.5022529885586836,-0.5110856845951085,0
0.8856165263790958,-0.5218232071219026,-0.29768220359200137,-0.32940768537900034,-0.5022529885586836,-0.5110856845951085,0
1.0101262813915415,-0.5218232071219026,-0.29768220359200137,-0.32940768537900034,-0.5022529885586836,-0.5110856845951085,0
1.1657634751570987,-0.5218232071219026,-0.29768220359200137,-0.32940768537900034,-0.5022529885586836,-0.5110856845951085,0
0.9478714038853187,-0.5218232071219026,-0.29768220359200137,-0.32940768537900034,-0.5022529885586836,-0.5110856845951085,0
1.1035085976508758,-0.5218232071219026,-0.29768220359200137,-0.32940768537900034,-0.5022529885586836,-0.5110856845951085,0
1.1035085976508758,-0.5218232071219026,-0.29768220359200137,-0.32940768537900034,-0.5022529885586836,-0.5110856845951085,0
0.7611067713666502,-0.5218232071219026,-0.29768220359200137,-0.32940768537900034,-0.5022529885586836,-0.5110856845951085,0
1.0723811588977643,-0.5218232071219026,-0.29768220359200137,-0.32940768537900034,-0.5022529885586836,-0.5110856845951085,0
0.823361648872873,-0.5218232071219026,-0.29768220359200137,-0.32940768537900034,-0.5022529885586836,-0.5110856845951085,0
1.1035085976508758,-0.5218232071219026,-0.29768220359200137,-0.32940768537900034,-0.5022529885586836,-0.5110856845951085,0
0.6365970163542045,-0.5218232071219026,-0.29768220359200137,-0.32940768537900034,-0.5022529885586836,-0.5110856845951085,0
1.3214006689226558,-0.5218232071219026,-0.29768220359200137,-0.32940768537900034,-0.5022529885586836,-0.5110856845951085,0
1.041253720144653,-0.5218232071219026,-0.29768220359200137,-0.32940768537900034,-0.5022529885586836,-0.5110856845951085,0
0.5432147000948702,-0.5218232071219026,-0.29768220359200137,-0.32940768537900034,-0.5022529885586836,-0.5110856845951085,0
1.3836555464288787,-0.5218232071219026,-0.29768220359200137,-0.32940768537900034,-0.5022529885586836,-0.5110856845951085,0
1.0101262813915415,-0.5218232071219026,-0.29768220359200137,-0.32940768537900034,-0.5022529885586836,-0.5110856845951085,0
0.7611067713666502,-0.5218232071219026,-0.29768220359200137,-0.32940768537900034,-0.5022529885586836,-0.5110856845951085,0
0.7611067713666502,-0.5218232071219026,-0.29768220359200137,-0.32940768537900034,-0.5022529885586836,-0.5110856845951085,0
0.7611067713666502,-0.5218232071219026,-0.29768220359200137,-0.32940768537900034,-0.5022529885586836,-0.5110856845951085,0
1.1035085976508758,-0.5218232071219026,-0.29768220359200137,-0.32940768537900034,-0.5022529885586836,-0.5110856845951085,0
1.1035085976508758,-0.5218232071219026,-0.29768220359200137,-0.32940768537900034,-0.5022529885586836,-0.5110856845951085,0
1.1035085976508758,-0.5218232071219026,-0.29768220359200137,-0.32940768537900034,-0.5022529885586836,-0.5110856845951085,0
1.1968909139102102,-0.5218232071219026,-0.29768220359200137,-0.32940768537900034,-0.5022529885586836,-0.5110856845951085,0
0.9789988426384302,-0.5218232071219026,-0.29768220359200137,-0.32940768537900034,-0.5022529885586836,-0.5110856845951085,0
0.9478714038853187,-0.5218232071219026,-0.29768220359200137,-0.32940768537900034,-0.5022529885586836,-0.5110856845951085,0
0.823361648872873,-0.5218232071219026,-0.29768220359200137,-0.32940768537900034,-0.5022529885586836,-0.5110856845951085,0
1.1968909139102102,-0.5218232071219026,-0.29768220359200137,-0.32940768537900034,-0.5022529885586836,-0.5110856845951085,0
-0.1727163912266925,0.7492438267908418,-0.29768220359200137,-0.32940768537900034,-0.5022529885586836,-0.5110856845951085,0
-1.7913432063884864,0.7492438267908418,-0.29768220359200137,-0.32940768537900034,-0.5022529885586836,-0.5110856845951085,0
0.16968543505753314,0.7492438267908418,-0.29768220359200137,-0.32940768537900034,-0.5022529885586836,-0.5110856845951085,0
0.26306775131686744,0.7492438267908418,-0.29768220359200137,-0.32940768537900034,-0.5022529885586836,-0.5110856845951085,0
0.26306775131686744,0.7492438267908418,-0.29768220359200137,-0.32940768537900034,-0.5022529885586836,-0.5110856845951085,0
0.4809598225886474,0.7492438267908418,-0.29768220359200137,-0.32940768537900034,-0.5022529885586836,-0.5110856845951085,0
0.04517568004508746,-0.5218232071219026,-0.29768220359200137,-0.32940768537900034,-0.5022529885586836,-0.5110856845951085,0
0.7299793326135388,-0.7034042119665803,-0.29768220359200137,-0.32940768537900034,-0.5022529885586836,-0.5110856845951085,0
0.823361648872873,-0.7034042119665803,-0.29768220359200137,-0.32940768537900034,-0.5022529885586836,-0.5110856845951085,0
0.7922342101197616,-0.7034042119665803,-0.29768220359200137,-0.32940768537900034,-0.5022529885586836,-0.5110856845951085,0
0.823361648872873,-0.7034042119665803,-0.29768220359200137,-0.32940768537900034,-0.5022529885586836,-0.5110856845951085,0
0.7922342101197616,-0.7034042119665803,-0.29768220359200137,-0.32940768537900034,-0.5022529885586836,-0.5110856845951085,0
0.7611067713666502,-0.7034042119665803,-0.29768220359200137,-0.32940768537900034,-0.5022529885586836,-0.5110856845951085,0
0.7922342101197616,-0.7034042119665803,-0.29768220359200137,-0.32940768537900034,-0.5022529885586836,-0.5110856845951085,0
0.823361648872873,-0.7034042119665803,-0.29768220359200137,-0.32940768537900034,-0.5022529885586836,-0.5110856845951085,0
0.823361648872873,-0.7034042119665803,-0.29768220359200137,-0.32940768537900034,-0.5022529885586836,-0.5110856845951085,0
0.9478714038853187,-0.7034042119665803,-0.29768220359200137,-0.32940768537900034,-0.5022529885586836,-0.5110856845951085,0
0.9789988426384302,-0.7034042119665803,-0.29768220359200137,-0.32940768537900034,-0.5022529885586836,-0.5110856845951085,0
0.7922342101197616,-0.7034042119665803,-0.29768220359200137,-0.32940768537900034,-0.5022529885586836,-0.5110856845951085,0
0.9167439651322072,-0.17681929791701478,-0.29768220359200137,-0.32940768537900034,-0.5022529885586836,-0.5110856845951085,0
0.9789988426384302,-0.17681929791701478,-0.29768220359200137,-0.32940768537900034,-0.5022529885586836,-0.5110856845951085,0
1.0101262813915415,-0.17681929791701478,-0.29768220359200137,-0.32940768537900034,-0.5022529885586836,-0.5110856845951085,0
0.8856165263790958,-0.17681929791701478,-0.29768220359200137,-0.32940768537900034,-0.5022529885586836,-0.5110856845951085,0
0.9789988426384302,-0.17681929791701478,-0.29768220359200137,-0.32940768537900034,-0.5022529885586836,-0.5110856845951085,0
0.9478714038853187,-0.17681929791701478,-0.29768220359200137,-0.32940768537900034,-0.5022529885586836,-0.5110856845951085,0
0.9789988426384302,-0.17681929791701478,-0.29768220359200137,-0.32940768537900034,-0.5022529885586836,-0.5110856845951085,0
-1.7602157676353751,-0.17681929791701478,-0.29768220359200137,-0.32940768537900034,-0.5022529885586836,-0.5110856845951085,0
1.3836555464288787,1.1668801379336007,-0.29768220359200137,-0.32940768537900034,-0.5022529885586836,-0.5110856845951085,0
0.4498323838355359,0.3860818171014863,-0.29768220359200137,-0.32940768537900034,-0.5022529885586836,-0.5110856845951085,0
0.32532262882309027,0.3860818171014863,-0.29768220359200137,-0.32940768537900034,-0.5022529885586836,-0.5110856845951085,0
0.3875775063293131,0.3860818171014863,-0.29768220359200137,-0.32940768537900034,-0.5022529885586836,-0.5110856845951085,0
0.4187049450824245,0.3860818171014863,-0.29768220359200137,-0.32940768537900034,-0.5022529885586836,-0.5110856845951085,0
0.29419519006997885,0.3860818171014863,-0.29768220359200137,-0.32940768537900034,-0.5022529885586836,-0.5110856845951085,0
0.7611067713666502,0.3860818171014863,-0.29768220359200137,-0.32940768537900034,-0.5022529885586836,-0.5110856845951085,0
0.3564500675762017,0.3860818171014863,-0.29768220359200137,-0.32940768537900034,-0.5022529885586836,-0.5110856845951085,0
0.823361648872873,0.3860818171014863,-0.29768220359200137,-0.32940768537900034,-0.5022529885586836,-0.5110856845951085,0
0.5120872613417587,0.3860818171014863,-0.29768220359200137,-0.32940768537900034,-0.5022529885586836,-0.5110856845951085,0
0.4498323838355359,0.3860818171014863,-0.29768220359200137,-0.32940768537900034,-0.5022529885586836,-0.5110856845951085,0
0.4498323838355359,0.3860818171014863,-0.29768220359200137,-0.32940768537900034,-0.5022529885586836,-0.5110856845951085,0
0.5120872613417587,0.3860818171014863,-0.29768220359200137,-0.32940768537900034,-0.5022529885586836,-0.5110856845951085,0
0.231940312563756,0.3860818171014863,-0.29768220359200137,-0.32940768537900034,-0.5022529885586836,-0.5110856845951085,0
0.4187049450824245,0.3860818171014863,-0.29768220359200137,-0.32940768537900034,-0.5022529885586836,-0.5110856845951085,0
0.7299793326135388,0.3860818171014863,-0.29768220359200137,-0.32940768537900034,-0.5022529885586836,-0.5110856845951085,0
0.3564500675762017,0.3860818171014863,-0.29768220359200137,-0.32940768537900034,-0.5022529885586836,-0.5110856845951085,0
0.231940312563756,0.3860818171014863,-0.29768220359200137,-0.32940768537900034,-0.5022529885586836,-0.5110856845951085,0
0.32532262882309027,0.3860818171014863,-0.29768220359200137,-0.32940768537900034,-0.5022529885586836,-0.5110856845951085,0
0.6677244551073159,0.3860818171014863,-0.29768220359200137,-0.32940768537900034,-0.5022529885586836,-0.5110856845951085,0
0.6677244551073159,0.3860818171014863,-0.29768220359200137,-0.32940768537900034,-0.5022529885586836,-0.5110856845951085,0
0.7611067713666502,0.3860818171014863,-0.29768220359200137,-0.32940768537900034,-0.5022529885586836,-0.5110856845951085,0
0.6988518938604273,0.3860818171014863,-0.29768220359200137,-0.32940768537900034,-0.5022529885586836,-0.5110856845951085,0
0.6677244551073159,0.3860818171014863,-0.29768220359200137,-0.32940768537900034,-0.5022529885586836,-0.5110856845951085,0
0.7299793326135388,0.3860818171014863,-0.29768220359200137,-0.32940768537900034,-0.5022529885586836,-0.5110856845951085,0
0.7611067713666502,0.3860818171014863,-0.29768220359200137,-0.32940768537900034,-0.5022529885586836,-0.5110856845951085,0
0.7611067713666502,0.3860818171014863,-0.29768220359200137,-0.32940768537900034,-0.5022529885586836,-0.5110856845951085,0
0.6677244551073159,0.3860818171014863,-0.29768220359200137,-0.32940768537900034,-0.5022529885586836,-0.5110856845951085,0
0.26306775131686744,0.3860818171014863,-0.29768220359200137,-0.32940768537900034,-0.5022529885586836,1.956619076099184,0
-0.07933407496735823,0.022919807412130767,-0.29768220359200137,-0.32940768537900034,-0.5022529885586836,1.956619076099184,0
0.4809598225886474,0.7492438267908418,-0.29768220359200137,-0.32940768537900034,-0.5022529885586836,1.956619076099184,0
-0.359481023745361,3.836120909150364,-0.29768220359200137,-0.32940768537900034,-0.5022529885586836,1.956619076099184,0
0.4809598225886474,1.9295203582812472,-0.29768220359200137,-0.32940768537900034,-0.5022529885586836,1.956619076099184,0
0.5743421388479817,2.201891865548264,-0.29768220359200137,-0.32940768537900034,-0.5022529885586836,1.956619076099184,0
-0.9197749213013666,2.201891865548264,-0.29768220359200137,-0.32940768537900034,-0.5022529885586836,1.956619076099184,0
0.1074305575513103,-0.5218232071219026,-0.29768220359200137,-0.32940768537900034,-0.5022529885586836,1.956619076099184,0
0.13855799630442173,-0.5218232071219026,-0.29768220359200137,-0.32940768537900034,-0.5022529885586836,1.956619076099184,0
0.20081287381064455,-0.5218232071219026,-0.29768220359200137,-0.32940768537900034,-0.5022529885586836,1.956619076099184,0
0.014048241291976035,-0.158661197432547,-0.29768220359200137,-0.32940768537900034,-0.5022529885586836,1.956619076099184,0
0.6054695776010931,-0.7034042119665803,-0.29768220359200137,-0.32940768537900034,-0.5022529885586836,1.956619076099184,0
0.5120872613417587,-0.7034042119665803,-0.29768220359200137,-0.32940768537900034,-0.5022529885586836,1.956619076099184,0
0.1074305575513103,-0.5218232071219026,-0.29768220359200137,-0.32940768537900034,-0.5022529885586836,1.956619076099184,0
-0.26609870748602676,-0.158661197432547,-0.29768220359200137,-0.32940768537900034,-0.5022529885586836,1.956619076099184,0
0.3875775063293131,-0.158661197432547,-0.29768220359200137,-0.32940768537900034,-0.5022529885586836,1.956619076099184,0
-0.14158895247358108,-0.158661197432547,-0.29768220359200137,-0.32940768537900034,-0.5022529885586836,1.956619076099184,0
0.16968543505753314,-0.5218232071219026,-0.29768220359200137,-0.32940768537900034,-0.5022529885586836,1.956619076099184,0
0.04517568004508746,-0.5218232071219026,-0.29768220359200137,-0.32940768537900034,-0.5022529885586836,1.956619076099184,0
0.6365970163542045,-0.5218232071219026,-0.29768220359200137,-0.32940768537900034,-0.5022529885586836,1.956619076099184,0
0.3564500675762017,-0.5218232071219026,-0.29768220359200137,-0.32940768537900034,-0.5022529885586836,1.956619076099184,0
-0.2038438299798039,-0.5218232071219026,-0.29768220359200137,-0.32940768537900034,-0.5022529885586836,1.956619076099184,0
-0.7330102887826981,0.022919807412130767,-0.29768220359200137,-0.32940768537900034,-0.5022529885586836,1.956619076099184,0
0.7299793326135388,0.022919807412130767,-0.29768220359200137,-0.32940768537900034,-0.5022529885586836,1.956619076099184,0
0.16968543505753314,-0.3402422022772248,-0.29768220359200137,-0.32940768537900034,-0.5022529885586836,1.956619076099184,0
0.26306775131686744,-0.3402422022772248,-0.29768220359200137,-0.32940768537900034,-0.5022529885586836,1.956619076099184,0
0.32532262882309027,-0.3402422022772248,-0.29768220359200137,-0.32940768537900034,-0.5022529885586836,1.956619076099184,0
0.20081287381064455,-0.3402422022772248,-0.29768220359200137,-0.32940768537900034,-0.5022529885586836,1.956619076099184,0
0.3875775063293131,-0.3402422022772248,-0.29768220359200137,-0.32940768537900034,-0.5022529885586836,1.956619076099184,0
0.6054695776010931,-0.3402422022772248,-0.29768220359200137,-0.32940768537900034,-0.5022529885586836,1.956619076099184,0
0.5432147000948702,-0.3402422022772248,-0.29768220359200137,-0.32940768537900034,-0.5022529885586836,1.956619076099184,0
-0.017079197461135388,-0.3402422022772248,-0.29768220359200137,-0.32940768537900034,-0.5022529885586836,1.956619076099184,0
0.5120872613417587,-0.3402422022772248,-0.29768220359200137,-0.32940768537900034,-0.5022529885586836,1.956619076099184,0
0.3564500675762017,-0.3402422022772248,-0.29768220359200137,-0.32940768537900034,-0.5022529885586836,1.956619076099184,0
0.014048241291976035,-0.3402422022772248,-0.29768220359200137,-0.32940768537900034,-0.5022529885586836,1.956619076099184,0
0.07630311879819889,-0.3402422022772248,-0.29768220359200137,-0.32940768537900034,-0.5022529885586836,1.956619076099184,0
0.5743421388479817,-0.3402422022772248,-0.29768220359200137,-0.32940768537900034,-0.5022529885586836,1.956619076099184,0
-0.4217359012515839,-0.3402422022772248,-0.29768220359200137,-0.32940768537900034,-0.5022529885586836,1.956619076099184,0
-0.5462456562640295,-0.3402422022772248,-0.29768220359200137,-0.32940768537900034,-0.5022529885586836,1.956619076099184,0
-0.23497126873291535,-0.3402422022772248,-0.29768220359200137,-0.32940768537900034,-0.5022529885586836,1.956619076099184,0
0.32532262882309027,-0.3402422022772248,-0.29768220359200137,-0.32940768537900034,-0.5022529885586836,1.956619076099184,0
-0.4528633400046953,-0.3402422022772248,-0.29768220359200137,-0.32940768537900034,-0.5022529885586836,1.956619076099184,0
-0.2972261462391382,-0.3402422022772248,-0.29768220359200137,-0.32940768537900034,-0.5022529885586836,1.956619076099184,0
-0.04820663621424681,-0.3402422022772248,-0.29768220359200137,-0.32940768537900034,-0.5022529885586836,1.956619076099184,0
-0.017079197461135388,-0.3402422022772248,-0.29768220359200137,-0.32940768537900034,-0.5022529885586836,1.956619076099184,0
0.20081287381064455,-0.3402422022772248,-0.29768220359200137,-0.32940768537900034,-0.5022529885586836,1.956619076099184,0
0.26306775131686744,-0.3402422022772248,-0.29768220359200137,-0.32940768537900034,-0.5022529885586836,1.956619076099184,0
0.26306775131686744,-0.3402422022772248,-0.29768220359200137,-0.32940768537900034,-0.5022529885586836,1.956619076099184,0
0.20081287381064455,-0.3402422022772248,-0.29768220359200137,-0.32940768537900034,-0.5022529885586836,1.956619076099184,0
0.3875775063293131,-0.3402422022772248,-0.29768220359200137,-0.32940768537900034,-0.5022529885586836,1.956619076099184,0
-0.7330102887826981,-0.3402422022772248,-0.29768220359200137,-0.32940768537900034,-0.5022529885586836,1.956619076099184,0
0.20081287381064455,-0.3402422022772248,-0.29768220359200137,-0.32940768537900034,-0.5022529885586836,1.956619076099184,0
-0.017079197461135388,-0.3402422022772248,-0.29768220359200137,-0.32940768537900034,-0.5022529885586836,1.956619076099184,0
0.014048241291976035,-0.3402422022772248,-0.29768220359200137,-0.32940768537900034,-0.5022529885586836,1.956619076099184,0
0.014048241291976035,-0.3402422022772248,-0.29768220359200137,-0.32940768537900034,-0.5022529885586836,1.956619076099184,0
-0.8263926050420324,-0.3402422022772248,-0.29768220359200137,-0.32940768537900034,-0.5022529885586836,1.956619076099184,0
0.04517568004508746,-0.3402422022772248,-0.29768220359200137,-0.32940768537900034,-0.5022529885586836,1.956619076099184,0
0.20081287381064455,-0.3402422022772248,-0.29768220359200137,-0.32940768537900034,-0.5022529885586836,1.956619076099184,0
-0.07933407496735823,-0.3402422022772248,-0.29768220359200137,-0.32940768537900034,-0.5022529885586836,1.956619076099184,0
-0.017079197461135388,-0.3402422022772248,-0.29768220359200137,-0.32940768537900034,-0.5022529885586836,1.956619076099184,0
0.6054695776010931,-0.3402422022772248,-0.29768220359200137,-0.32940768537900034,-0.5022529885586836,1.956619076099184,0
-1.106539553820035,-0.3402422022772248,-0.29768220359200137,-0.32940768537900034,-0.5022529885586836,1.956619076099184,0
0.5120872613417587,-0.3402422022772248,-0.29768220359200137,-0.32940768537900034,-0.5022529885586836,1.956619076099184,0
-0.23497126873291535,-0.3402422022772248,-0.29768220359200137,-0.32940768537900034,-0.5022529885586836,1.956619076099184,0
-1.2621767475855923,-0.3402422022772248,-0.29768220359200137,-0.32940768537900034,-0.5022529885586836,1.956619076099184,0
-0.07933407496735823,-0.3402422022772248,-0.29768220359200137,-0.32940768537900034,-0.5022529885586836,1.956619076099184,0
0.29419519006997885,-0.3402422022772248,-0.29768220359200137,-0.32940768537900034,-0.5022529885586836,1.956619076099184,0
-0.6085005337702524,-0.3402422022772248,-0.29768220359200137,-0.32940768537900034,-0.5022529885586836,1.956619076099184,0
0.4498323838355359,-0.3402422022772248,-0.29768220359200137,-0.32940768537900034,-0.5022529885586836,1.956619076099184,0
0.16968543505753314,-0.3402422022772248,-0.29768220359200137,-0.32940768537900034,-0.5022529885586836,1.956619076099184,0
0.26306775131686744,-0.3402422022772248,-0.29768220359200137,-0.32940768537900034,-0.5022529885586836,1.956619076099184,0
-0.017079197461135388,-0.3402422022772248,-0.29768220359200137,-0.32940768537900034,-0.5022529885586836,1.956619076099184,0
0.04517568004508746,-0.3402422022772248,-0.29768220359200137,-0.32940768537900034,-0.5022529885586836,1.956619076099184,0
-0.2038438299798039,-0.3402422022772248,-0.29768220359200137,-0.32940768537900034,-0.5022529885586836,1.956619076099184,0
0.26306775131686744,-0.3402422022772248,-0.29768220359200137,-0.32940768537900034,-0.5022529885586836,1.956619076099184,0
0.32532262882309027,-0.3402422022772248,-0.29768220359200137,-0.32940768537900034,-0.5022529885586836,1.956619076099184,0
-0.1727163912266925,-0.3402422022772248,-0.29768220359200137,-0.32940768537900034,-0.5022529885586836,1.956619076099184,0
-0.14158895247358108,-0.3402422022772248,-0.29768220359200137,-0.32940768537900034,-0.5022529885586836,1.956619076099184,0
-0.04820663621424681,-0.3402422022772248,-0.29768220359200137,-0.32940768537900034,-0.5022529885586836,1.956619076099184,0
0.5743421388479817,-0.3402422022772248,-0.29768220359200137,-0.32940768537900034,-0.5022529885586836,1.956619076099184,0
0.3875775063293131,-0.3402422022772248,-0.29768220359200137,-0.32940768537900034,-0.5022529885586836,1.956619076099184,0
0.29419519006997885,-0.3402422022772248,-0.29768220359200137,-0.32940768537900034,-0.5022529885586836,1.956619076099184,0
-0.4217359012515839,-0.158661197432547,-0.29768220359200137,-0.32940768537900034,-0.5022529885586836,1.956619076099184,0
-1.978107838907155,-0.158661197432547,-0.29768220359200137,-0.32940768537900034,-0.5022529885586836,1.956619076099184,0
-0.3906084624984725,-0.158661197432547,-0.29768220359200137,-0.32940768537900034,-0.5022529885586836,1.956619076099184,0
-1.9469804001540436,-0.158661197432547,-0.29768220359200137,-0.32940768537900034,-0.5022529885586836,1.956619076099184,0
-0.23497126873291535,-0.158661197432547,-0.29768220359200137,-0.32940768537900034,-0.5022529885586836,1.956619076099184,0
-0.26609870748602676,-0.158661197432547,-0.29768220359200137,-0.32940768537900034,-0.5022529885586836,1.956619076099184,0
0.1074305575513103,-0.158661197432547,-0.29768220359200137,-0.32940768537900034,-0.5022529885586836,1.956619076099184,0
0.32532262882309027,-0.158661197432547,-0.29768220359200137,-0.32940768537900034,-0.5022529885586836,1.956619076099184,0
-0.23497126873291535,-0.158661197432547,-0.29768220359200137,-0.32940768537900034,-0.5022529885586836,1.956619076099184,0
0.07630311879819889,-0.158661197432547,-0.29768220359200137,-0.32940768537900034,-0.5022529885586836,1.956619076099184,0
0.16968543505753314,-0.158661197432547,-0.29768220359200137,-0.32940768537900034,-0.5022529885586836,1.956619076099184,0
0.32532262882309027,-0.158661197432547,-0.29768220359200137,-0.32940768537900034,-0.5022529885586836,1.956619076099184,0
-0.23497126873291535,-0.158661197432547,-0.29768220359200137,-0.32940768537900034,-0.5022529885586836,1.956619076099184,0
0.5432147000948702,-0.158661197432547,-0.29768220359200137,-0.32940768537900034,-0.5022529885586836,1.956619076099184,0
0.16968543505753314,-0.158661197432547,-0.29768220359200137,-0.32940768537900034,-0.5022529885586836,1.956619076099184,0
0.823361648872873,-0.158661197432547,-0.29768220359200137,-0.32940768537900034,-0.5022529885586836,1.956619076099184,0
0.231940312563756,-0.158661197432547,-0.29768220359200137,-0.32940768537900034,-0.5022529885586836,1.956619076099184,0
-1.1376669925731466,-0.158661197432547,-0.29768220359200137,-0.32940768537900034,-0.5022529885586836,1.956619076099184,0
0.4498323838355359,-0.158661197432547,-0.29768220359200137,-0.32940768537900034,-0.5022529885586836,1.956619076099184,0
0.6054695776010931,-0.7034042119665803,-0.29768220359200137,-0.32940768537900034,-0.5022529885586836,1.956619076099184,0
1.041253720144653,-0.7034042119665803,-0.29768220359200137,-0.32940768537900034,-0.5022529885586836,1.956619076099184,0
0.5120872613417587,-0.7034042119665803,-0.29768220359200137,-0.32940768537900034,-0.5022529885586836,1.956619076099184,0
0.5120872613417587,-0.7034042119665803,-0.29768220359200137,-0.32940768537900034,-0.5022529885586836,1.956619076099184,0
0.7922342101197616,-0.7034042119665803,-0.29768220359200137,-0.32940768537900034,-0.5022529885586836,1.956619076099184,0
0.6988518938604273,-0.7034042119665803,-0.29768220359200137,-0.32940768537900034,-0.5022529885586836,1.956619076099184,0
0.6365970163542045,-0.7034042119665803,-0.29768220359200137,-0.32940768537900034,-0.5022529885586836,1.956619076099184,0
0.5432147000948702,-0.7034042119665803,-0.29768220359200137,-0.32940768537900034,-0.5022529885586836,1.956619076099184,0
0.6365970163542045,-0.7034042119665803,-0.29768220359200137,-0.32940768537900034,-0.5022529885586836,1.956619076099184,0
0.7922342101197616,-0.7034042119665803,-0.29768220359200137,-0.32940768537900034,-0.5022529885586836,1.956619076099184,0
0.6988518938604273,-0.7034042119665803,-0.29768220359200137,-0.32940768537900034,-0.5022529885586836,1.956619076099184,0
0.8544890876259844,-0.7034042119665803,-0.29768220359200137,-0.32940768537900034,-0.5022529885586836,1.956619076099184,0
0.07630311879819889,-0.7034042119665803,-0.29768220359200137,-0.32940768537900034,-0.5022529885586836,1.956619076099184,0
0.4498323838355359,-0.7034042119665803,-0.29768220359200137,-0.32940768537900034,-0.5022529885586836,1.956619076099184,0
0.6677244551073159,-0.7034042119665803,-0.29768220359200137,-0.32940768537900034,-0.5022529885586836,1.956619076099184,0
0.6054695776010931,-0.7034042119665803,-0.29768220359200137,-0.32940768537900034,-0.5022529885586836,1.956619076099184,0
0.7299793326135388,-0.7034042119665803,-0.29768220359200137,-0.32940768537900034,-0.5022529885586836,1.956619076099184,0
1.41478298518199,-0.7034042119665803,-0.29768220359200137,-0.32940768537900034,-0.5022529885586836,1.956619076099184,0
0.4809598225886474,-0.17681929791701478,-0.29768220359200137,-0.32940768537900034,-0.5022529885586836,1.956619076099184,0
1.1968909139102102,-0.17681929791701478,-0.29768220359200137,-0.32940768537900034,-0.5022529885586836,1.956619076099184,0
-0.2038438299798039,-0.17681929791701478,-0.29768220359200137,-0.32940768537900034,-0.5022529885586836,1.956619076099184,0
-0.6707554112764752,-0.17681929791701478,-0.29768220359200137,-0.32940768537900034,-0.5022529885586836,1.956619076099184,0
0.4809598225886474,-0.17681929791701478,-0.29768220359200137,-0.32940768537900034,-0.5022529885586836,1.956619076099184,0
0.4809598225886474,-0.17681929791701478,-0.29768220359200137,-0.32940768537900034,-0.5022529885586836,1.956619076099184,0
0.4187049450824245,-0.17681929791701478,-0.29768220359200137,-0.32940768537900034,-0.5022529885586836,1.956619076099184,0
0.1074305575513103,-0.17681929791701478,-0.29768220359200137,-0.32940768537900034,-0.5022529885586836,1.956619076099184,0
0.8856165263790958,-0.17681929791701478,-0.29768220359200137,-0.32940768537900034,-0.5022529885586836,1.956619076099184,0
1.1968909139102102,-0.17681929791701478,-0.29768220359200137,-0.32940768537900034,-0.5022529885586836,1.956619076099184,0
1.1035085976508758,-0.17681929791701478,-0.29768220359200137,-0.32940768537900034,-0.5022529885586836,1.956619076099184,0
1.1035085976508758,-0.17681929791701478,-0.29768220359200137,-0.32940768537900034,-0.5022529885586836,1.956619076099184,0
0.231940312563756,1.2939868413248752,-0.29768220359200137,-0.32940768537900034,-0.5022529885586836,1.956619076099184,0
0.231940312563756,0.3860818171014863,-0.29768220359200137,-0.32940768537900034,-0.5022529885586836,1.956619076099184,0
1.041253720144653,0.3860818171014863,-0.29768220359200137,-0.32940768537900034,-0.5022529885586836,1.956619076099184,0
0.6677244551073159,0.3860818171014863,-0.29768220359200137,-0.32940768537900034,-0.5022529885586836,1.956619076099184,0
-0.3283535849922496,0.3860818171014863,-0.29768220359200137,-0.32940768537900034,-0.5022529885586836,1.956619076099184,0
-1.2933041863387036,0.3860818171014863,-0.29768220359200137,-0.32940768537900034,-0.5022529885586836,1.956619076099184,0
0.16968543505753314,0.3860818171014863,-0.29768220359200137,-0.32940768537900034,-0.5022529885586836,1.956619076099184,0
1.1035085976508758,0.3860818171014863,-0.29768220359200137,-0.32940768537900034,-0.5022529885586836,1.956619076099184,0
0.26306775131686744,0.3860818171014863,-0.29768220359200137,-0.32940768537900034,-0.5022529885586836,1.956619076099184,0
0.5120872613417587,0.3860818171014863,-0.29768220359200137,-0.32940768537900034,-0.5022529885586836,1.956619076099184,0
0.231940312563756,0.3860818171014863,-0.29768220359200137,-0.32940768537900034,-0.5022529885586836,1.956619076099184,0
0.3875775063293131,0.3860818171014863,-0.29768220359200137,-0.32940768537900034,-0.5022529885586836,1.956619076099184,0
-0.04820663621424681,0.3860818171014863,-0.29768220359200137,-0.32940768537900034,-0.5022529885586836,1.956619076099184,0
-1.1376669925731466,0.3860818171014863,-0.29768220359200137,-0.32940768537900034,-0.5022529885586836,1.956619076099184,0
0.26306775131686744,0.3860818171014863,-0.29768220359200137,-0.32940768537900034,-0.5022529885586836,1.956619076099184,0
0.7299793326135388,0.3860818171014863,-0.29768220359200137,-0.32940768537900034,-0.5022529885586836,1.956619076099184,0
-0.017079197461135388,0.3860818171014863,-0.29768220359200137,-0.32940768537900034,-0.5022529885586836,1.956619076099184,0
0.13855799630442173,0.3860818171014863,-0.29768220359200137,-0.32940768537900034,-0.5022529885586836,1.956619076099184,0
-0.2038438299798039,0.7492438267908418,-0.29768220359200137,-0.32940768537900034,-0.5022529885586836,1.956619076099184,0
-0.4528633400046953,0.3860818171014863,-0.29768220359200137,-0.32940768537900034,-0.5022529885586836,1.956619076099184,0
-0.8886474825482552,0.022919807412130767,-0.29768220359200137,-0.32940768537900034,-0.5022529885586836,1.956619076099184,0
0.1074305575513103,0.022919807412130767,-0.29768220359200137,-0.32940768537900034,-0.5022529885586836,1.956619076099184,0
0.3564500675762017,0.022919807412130767,-0.29768220359200137,-0.32940768537900034,-0.5022529885586836,1.956619076099184,0
0.26306775131686744,0.022919807412130767,-0.29768220359200137,-0.32940768537900034,-0.5022529885586836,1.956619076099184,0
-0.5462456562640295,0.022919807412130767,-0.29768220359200137,-0.32940768537900034,-0.5022529885586836,1.956619076099184,0
-0.6396279725233638,0.022919807412130767,-0.29768220359200137,-0.32940768537900034,-0.5022529885586836,1.956619076099184,0
0.20081287381064455,0.022919807412130767,-0.29768220359200137,-0.32940768537900034,-0.5022529885586836,1.956619076099184,0
0.6054695776010931,0.022919807412130767,-0.29768220359200137,-0.32940768537900034,-0.5022529885586836,1.956619076099184,0
-0.04820663621424681,0.022919807412130767,-0.29768220359200137,-0.32940768537900034,-0.5022529885586836,1.956619076099184,0
0.04517568004508746,0.022919807412130767,-0.29768220359200137,-0.32940768537900034,-0.5022529885586836,1.956619076099184,0
0.3875775063293131,0.022919807412130767,-0.29768220359200137,-0.32940768537900034,-0.5022529885586836,1.956619076099184,0
-0.2038438299798039,0.022919807412130767,-0.29768220359200137,-0.32940768537900034,-0.5022529885586836,1.956619076099184,0
0.32532262882309027,0.022919807412130767,-0.29768220359200137,-0.32940768537900034,-0.5022529885586836,1.956619076099184,0
0.4809598225886474,0.022919807412130767,-0.29768220359200137,-0.32940768537900034,-0.5022529885586836,1.956619076099184,0
0.5432147000948702,0.022919807412130767,-0.29768220359200137,-0.32940768537900034,-0.5022529885586836,1.956619076099184,0
0.5432147000948702,0.022919807412130767,-0.29768220359200137,-0.32940768537900034,-0.5022529885586836,1.956619076099184,0
0.5120872613417587,0.022919807412130767,-0.29768220359200137,-0.32940768537900034,-0.5022529885586836,1.956619076099184,0
-0.7330102887826981,2.4016309708774095,-0.29768220359200137,-0.32940768537900034,-0.5022529885586836,1.956619076099184,0
-0.23497126873291535,2.4016309708774095,-0.29768220359200137,-0.32940768537900034,-0.5022529885586836,1.956619076099184,0
-0.6396279725233638,1.1668801379336007,-0.29768220359200137,-0.32940768537900034,-0.5022529885586836,1.956619076099184,0
0.9478714038853187,1.1668801379336007,-0.29768220359200137,-0.32940768537900034,-0.5022529885586836,1.956619076099184,0
0.5120872613417587,-0.3402422022772248,-0.29768220359200137,-0.32940768537900034,-0.5022529885586836,1.956619076099184,0
0.014048241291976035,0.3860818171014863,-0.29768220359200137,-0.32940768537900034,-0.5022529885586836,1.956619076099184,0
0.6365970163542045,0.3860818171014863,-0.29768220359200137,-0.32940768537900034,-0.5022529885586836,1.956619076099184,0
0.6365970163542045,0.3860818171014863,-0.29768220359200137,-0.32940768537900034,-0.5022529885586836,1.956619076099184,0
0.04517568004508746,0.3860818171014863,-0.29768220359200137,-0.32940768537900034,-0.5022529885586836,1.956619076099184,0
0.6677244551073159,-0.158661197432547,-0.29768220359200137,-0.32940768537900034,-0.5022529885586836,1.956619076099184,0
0.20081287381064455,-0.158661197432547,-0.29768220359200137,-0.32940768537900034,-0.5022529885586836,1.956619076099184,0
0.07630311879819889,-0.158661197432547,-0.29768220359200137,-0.32940768537900034,-0.5022529885586836,1.956619076099184,0
-0.11046151372046965,-0.158661197432547,-0.29768220359200137,-0.32940768537900034,-0.5022529885586836,1.956619076099184,0
0.3564500675762017,-0.158661197432547,-0.29768220359200137,-0.32940768537900034,-0.5022529885586836,1.956619076099184,0
0.20081287381064455,-0.158661197432547,-0.29768220359200137,-0.32940768537900034,-0.5022529885586836,1.956619076099184,0
0.3564500675762017,-0.158661197432547,-0.29768220359200137,-0.32940768537900034,-0.5022529885586836,1.956619076099184,0
0.1074305575513103,-0.158661197432547,-0.29768220359200137,-0.32940768537900034,-0.5022529885586836,1.956619076099184,0
-0.2972261462391382,-0.158661197432547,-0.29768220359200137,-0.32940768537900034,-0.5022529885586836,1.956619076099184,0
0.4809598225886474,-0.158661197432547,-0.29768220359200137,-0.32940768537900034,-0.5022529885586836,1.956619076099184,0
0.20081287381064455,-0.158661197432547,-0.29768220359200137,-0.32940768537900034,-0.5022529885586836,1.956619076099184,0
0.4187049450824245,-0.158661197432547,-0.29768220359200137,-0.32940768537900034,-0.5022529885586836,1.956619076099184,0
0.7922342101197616,-0.158661197432547,-0.29768220359200137,-0.32940768537900034,-0.5022529885586836,1.956619076099184,0
0.16968543505753314,-0.158661197432547,-0.29768220359200137,-0.32940768537900034,-0.5022529885586836,1.956619076099184,0
0.29419519006997885,-0.158661197432547,-0.29768220359200137,-0.32940768537900034,-0.5022529885586836,1.956619076099184,0
0.5743421388479817,-0.158661197432547,-0.29768220359200137,-0.32940768537900034,-0.5022529885586836,1.956619076099184,0
-0.1727163912266925,-0.158661197432547,-0.29768220359200137,-0.32940768537900034,-0.5022529885586836,1.956619076099184,0
0.4498323838355359,-0.158661197432547,-0.29768220359200137,-0.32940768537900034,-0.5022529885586836,1.956619076099184,0
-2.258254787685158,-0.158661197432547,-0.29768220359200137,-0.32940768537900034,-0.5022529885586836,1.956619076099184,0
0.5120872613417587,-0.158661197432547,-0.29768220359200137,-0.32940768537900034,-0.5022529885586836,1.956619076099184,0
0.26306775131686744,-0.158661197432547,-0.29768220359200137,-0.32940768537900034,-0.5022529885586836,1.956619076099184,0
0.20081287381064455,0.11371030983446966,-0.29768220359200137,-0.32940768537900034,-0.5022529885586836,1.956619076099184,0
0.5432147000948702,0.11371030983446966,-0.29768220359200137,-0.32940768537900034,-0.5022529885586836,1.956619076099184,0
1.41478298518199,0.11371030983446966,-0.29768220359200137,-0.32940768537900034,-0.5022529885586836,1.956619076099184,0
1.6015476177006587,0.11371030983446966,-0.29768220359200137,-0.32940768537900034,-0.5022529885586836,1.956619076099184,0
-0.04820663621424681,0.022919807412130767,-0.29768220359200137,-0.32940768537900034,-0.5022529885586836,1.956619076099184,0
-0.017079197461135388,0.022919807412130767,-0.29768220359200137,-0.32940768537900034,-0.5022529885586836,1.956619076099184,0
0.20081287381064455,0.022919807412130767,-0.29768220359200137,-0.32940768537900034,-0.5022529885586836,1.956619076099184,0
0.231940312563756,0.022919807412130767,-0.29768220359200137,-0.32940768537900034,-0.5022529885586836,1.956619076099184,0
0.13855799630442173,0.022919807412130767,-0.29768220359200137,-0.32940768537900034,-0.5022529885586836,1.956619076099184,0
-0.07933407496735823,0.022919807412130767,-0.29768220359200137,-0.32940768537900034,-0.5022529885586836,1.956619076099184,0
0.8544890876259844,-0.7034042119665803,-0.29768220359200137,-0.32940768537900034,-0.5022529885586836,1.956619076099184,0
0.20081287381064455,-0.7034042119665803,-0.29768220359200137,-0.32940768537900034,-0.5022529885586836,1.956619076099184,0
0.6054695776010931,-0.7034042119665803,-0.29768220359200137,-0.32940768537900034,-0.5022529885586836,1.956619076099184,0
-0.2038438299798039,-0.5218232071219026,-0.29768220359200137,-0.32940768537900034,-0.5022529885586836,1.956619076099184,0
0.6988518938604273,-0.5218232071219026,-0.29768220359200137,-0.32940768537900034,-0.5022529885586836,1.956619076099184,0
0.4187049450824245,-0.5218232071219026,-0.29768220359200137,-0.32940768537900034,-0.5022529885586836,1.956619076099184,0
0.26306775131686744,-0.5218232071219026,-0.29768220359200137,-0.32940768537900034,-0.5022529885586836,1.956619076099184,0
0.26306775131686744,-0.7034042119665803,-0.29768220359200137,-0.32940768537900034,-0.5022529885586836,1.956619076099184,0
-0.8886474825482552,-0.7034042119665803,-0.29768220359200137,-0.32940768537900034,-0.5022529885586836,1.956619076099184,0
-0.4839907787578067,-0.7034042119665803,-0.29768220359200137,-0.32940768537900034,-0.5022529885586836,1.956619076099184,0
0.20081287381064455,-0.7034042119665803,-0.29768220359200137,-0.32940768537900034,-0.5022529885586836,1.956619076099184,0
0.20081287381064455,-0.7034042119665803,-0.29768220359200137,-0.32940768537900034,-0.5022529885586836,1.956619076099184,0
0.9478714038853187,-0.7034042119665803,-0.29768220359200137,-0.32940768537900034,-0.5022529885586836,1.956619076099184,0
0.3564500675762017,-0.7034042119665803,-0.29768220359200137,-0.32940768537900034,-0.5022529885586836,1.956619076099184,0
1.1346360364039871,-0.7034042119665803,-0.29768220359200137,-0.32940768537900034,-0.5022529885586836,1.956619076099184,0
0.7922342101197616,-0.7034042119665803,-0.29768220359200137,-0.32940768537900034,-0.5022529885586836,1.956619076099184,0
0.4809598225886474,-0.7034042119665803,-0.29768220359200137,-0.32940768537900034,-0.5022529885586836,1.956619076099184,0
-0.017079197461135388,-0.7034042119665803,-0.29768220359200137,-0.32940768537900034,-0.5022529885586836,1.956619076099184,0
-0.017079197461135388,2.201891865548264,-0.29768220359200137,-0.32940768537900034,-0.5022529885586836,1.956619076099184,0
0.6365970163542045,-0.7034042119665803,-0.29768220359200137,-0.32940768537900034,-0.5022529885586836,1.956619076099184,0
0.6365970163542045,-0.7034042119665803,-0.29768220359200137,-0.32940768537900034,-0.5022529885586836,1.956619076099184,0
0.20081287381064455,-0.7034042119665803,-0.29768220359200137,-0.32940768537900034,-0.5022529885586836,1.956619076099184,0
-0.26609870748602676,-0.7034042119665803,-0.29768220359200137,-0.32940768537900034,-0.5022529885586836,1.956619076099184,0
-0.7330102887826981,-0.7034042119665803,-0.29768220359200137,-0.32940768537900034,-0.5022529885586836,1.956619076099184,0
0.5743421388479817,-0.7034042119665803,-0.29768220359200137,-0.32940768537900034,-0.5022529885586836,1.956619076099184,0
0.823361648872873,-0.7034042119665803,-0.29768220359200137,-0.32940768537900034,-0.5022529885586836,1.956619076099184,0
0.04517568004508746,1.9295203582812472,-0.29768220359200137,-0.32940768537900034,-0.5022529885586836,1.956619076099184,0
0.26306775131686744,1.9295203582812472,-0.29768220359200137,-0.32940768537900034,-0.5022529885586836,1.956619076099184,0
0.014048241291976035,1.7479393534365695,-0.29768220359200137,-0.32940768537900034,-0.5022529885586836,1.956619076099184,0
0.16968543505753314,1.7479393534365695,-0.29768220359200137,-0.32940768537900034,-0.5022529885586836,1.956619076099184,0
0.7299793326135388,1.7479393534365695,-0.29768220359200137,-0.32940768537900034,-0.5022529885586836,1.956619076099184,0
0.8856165263790958,1.7479393534365695,-0.29768220359200137,-0.32940768537900034,-0.5022529885586836,1.956619076099184,0
0.4809598225886474,1.7479393534365695,-0.29768220359200137,-0.32940768537900034,-0.5022529885586836,1.956619076099184,0
0.8544890876259844,1.7479393534365695,-0.29768220359200137,-0.32940768537900034,-0.5022529885586836,1.956619076099184,0
0.9478714038853187,1.7479393534365695,-0.29768220359200137,-0.32940768537900034,-0.5022529885586836,1.956619076099184,0
0.6365970163542045,1.7479393534365695,-0.29768220359200137,-0.32940768537900034,-0.5022529885586836,1.956619076099184,0
1.259145791416433,0.3860818171014863,-0.29768220359200137,-0.32940768537900034,-0.5022529885586836,1.956619076099184,0
1.1035085976508758,0.3860818171014863,-0.29768220359200137,-0.32940768537900034,-0.5022529885586836,1.956619076099184,0
1.1968909139102102,0.3860818171014863,-0.29768220359200137,-0.32940768537900034,-0.5022529885586836,1.956619076099184,0
1.041253720144653,0.3860818171014863,-0.29768220359200137,-0.32940768537900034,-0.5022529885586836,1.956619076099184,0
1.041253720144653,0.3860818171014863,-0.29768220359200137,-0.32940768537900034,-0.5022529885586836,1.956619076099184,0
1.1035085976508758,0.3860818171014863,-0.29768220359200137,-0.32940768537900034,-0.5022529885586836,1.956619076099184,0
1.1035085976508758,0.3860818171014863,-0.29768220359200137,-0.32940768537900034,-0.5022529885586836,1.956619076099184,0
1.1346360364039871,0.3860818171014863,-0.29768220359200137,-0.32940768537900034,-0.5022529885586836,1.956619076099184,0
0.3875775063293131,0.3860818171014863,-0.29768220359200137,-0.32940768537900034,-0.5022529885586836,1.956619076099184,0
-0.3283535849922496,0.3860818171014863,-0.29768220359200137,-0.32940768537900034,-0.5022529885586836,1.956619076099184,0
1.0723811588977643,0.3860818171014863,-0.29768220359200137,-0.32940768537900034,-0.5022529885586836,1.956619076099184,0
-0.795265166288921,0.3860818171014863,-0.29768220359200137,-0.32940768537900034,-0.5022529885586836,1.956619076099184,0
-0.23497126873291535,0.3860818171014863,-0.29768220359200137,-0.32940768537900034,-0.5022529885586836,1.956619076099184,0
-0.04820663621424681,-0.5218232071219026,-0.29768220359200137,-0.32940768537900034,-0.5022529885586836,1.956619076099184,0
0.20081287381064455,-0.7034042119665803,-0.29768220359200137,-0.32940768537900034,-0.5022529885586836,1.956619076099184,0
0.9478714038853187,0.7492438267908418,-0.29768220359200137,-0.32940768537900034,-0.5022529885586836,1.956619076099184,0
0.014048241291976035,1.7479393534365695,-0.29768220359200137,-0.32940768537900034,-0.5022529885586836,1.956619076099184,0
0.6365970163542045,-0.7034042119665803,-0.29768220359200137,-0.32940768537900034,-0.5022529885586836,1.956619076099184,0
0.1074305575513103,-0.7034042119665803,-0.29768220359200137,-0.32940768537900034,-0.5022529885586836,1.956619076099184,0
0.1074305575513103,-0.7034042119665803,-0.29768220359200137,-0.32940768537900034,-0.5022529885586836,1.956619076099184,0
0.7299793326135388,-0.7034042119665803,-0.29768220359200137,-0.32940768537900034,-0.5022529885586836,1.956619076099184,0
0.1074305575513103,-0.7034042119665803,-0.29768220359200137,-0.32940768537900034,-0.5022529885586836,1.956619076099184,0
-0.07933407496735823,-0.7034042119665803,-0.29768220359200137,-0.32940768537900034,-0.5022529885586836,1.956619076099184,0
-0.04820663621424681,-0.7034042119665803,-0.29768220359200137,-0.32940768537900034,-0.5022529885586836,1.956619076099184,0
0.07630311879819889,-0.7034042119665803,-0.29768220359200137,-0.32940768537900034,-0.5022529885586836,1.956619076099184,0
-0.4528633400046953,-0.7034042119665803,-0.29768220359200137,-0.32940768537900034,-0.5022529885586836,1.956619076099184,0
0.04517568004508746,-0.7034042119665803,-0.29768220359200137,-0.32940768537900034,-0.5022529885586836,1.956619076099184,0
-0.11046151372046965,-0.7034042119665803,-0.29768220359200137,-0.32940768537900034,-0.5022529885586836,1.956619076099184,0
0.3564500675762017,-0.7034042119665803,-0.29768220359200137,-0.32940768537900034,-0.5022529885586836,1.956619076099184,0
-0.4217359012515839,0.7492438267908418,-0.29768220359200137,-0.32940768537900034,-0.5022529885586836,1.956619076099184,0
-0.4839907787578067,0.022919807412130767,-0.29768220359200137,-0.32940768537900034,-0.5022529885586836,1.956619076099184,0
0.07630311879819889,0.022919807412130767,-0.29768220359200137,-0.32940768537900034,-0.5022529885586836,1.956619076099184,0
0.5743421388479817,0.022919807412130767,-0.29768220359200137,-0.32940768537900034,-0.5022529885586836,1.956619076099184,0
0.07630311879819889,0.022919807412130767,-0.29768220359200137,-0.32940768537900034,-0.5022529885586836,1.956619076099184,0
-0.23497126873291535,0.022919807412130767,-0.29768220359200137,-0.32940768537900034,-0.5022529885586836,1.956619076099184,0
-1.013157237560701,0.022919807412130767,-0.29768220359200137,-0.32940768537900034,-0.5022529885586836,1.956619076099184,0
-0.359481023745361,0.022919807412130767,-0.29768220359200137,-0.32940768537900034,-0.5022529885586836,1.956619076099184,0
-1.0754121150669238,0.022919807412130767,-0.29768220359200137,-0.32940768537900034,-0.5022529885586836,1.956619076099184,0
1.1035085976508758,0.022919807412130767,-0.29768220359200137,-0.32940768537900034,-0.5022529885586836,1.956619076099184,0
0.07630311879819889,0.022919807412130767,-0.29768220359200137,-0.32940768537900034,-0.5022529885586836,1.956619076099184,0
1.041253720144653,0.022919807412130767,-0.29768220359200137,-0.32940768537900034,-0.5022529885586836,1.956619076099184,0
-0.2972261462391382,0.022919807412130767,-0.29768220359200137,-0.32940768537900034,-0.5022529885586836,1.956619076099184,0
0.9478714038853187,0.022919807412130767,-0.29768220359200137,-0.32940768537900034,-0.5022529885586836,1.956619076099184,0
1.0101262813915415,0.022919807412130767,-0.29768220359200137,-0.32940768537900034,-0.5022529885586836,1.956619076099184,0
0.3875775063293131,0.022919807412130767,-0.29768220359200137,-0.32940768537900034,-0.5022529885586836,1.956619076099184,0
-0.359481023745361,0.022919807412130767,-0.29768220359200137,-0.32940768537900034,-0.5022529885586836,1.956619076099184,0
1.0723811588977643,0.022919807412130767,-0.29768220359200137,-0.32940768537900034,-0.5022529885586836,1.956619076099184,0
0.20081287381064455,0.022919807412130767,-0.29768220359200137,-0.32940768537900034,-0.5022529885586836,1.956619076099184,0
-0.8886474825482552,0.022919807412130767,-0.29768220359200137,-0.32940768537900034,-0.5022529885586836,1.956619076099184,0
0.5120872613417587,0.022919807412130767,-0.29768220359200137,-0.32940768537900034,-0.5022529885586836,1.956619076099184,0
0.32532262882309027,0.022919807412130767,-0.29768220359200137,-0.32940768537900034,-0.5022529885586836,1.956619076099184,0
1.0723811588977643,0.022919807412130767,-0.29768220359200137,-0.32940768537900034,-0.5022529885586836,1.956619076099184,0
-0.6085005337702524,0.022919807412130767,-0.29768220359200137,-0.32940768537900034,-0.5022529885586836,1.956619076099184,0
-0.4217359012515839,-0.158661197432547,-0.29768220359200137,-0.32940768537900034,-0.5022529885586836,1.956619076099184,0
0.13855799630442173,-0.158661197432547,-0.29768220359200137,-0.32940768537900034,-0.5022529885586836,1.956619076099184,0
-0.795265166288921,-0.158661197432547,-0.29768220359200137,-0.32940768537900034,-0.5022529885586836,1.956619076099184,0
-0.7330102887826981,-0.158661197432547,-0.29768220359200137,-0.32940768537900034,-0.5022529885586836,1.956619076099184,0
-0.7330102887826981,-0.158661197432547,-0.29768220359200137,-0.32940768537900034,-0.5022529885586836,1.956619076099184,0
-0.07933407496735823,-0.158661197432547,-0.29768220359200137,-0.32940768537900034,-0.5022529885586836,1.956619076099184,0
-0.11046151372046965,-0.158661197432547,-0.29768220359200137,-0.32940768537900034,-0.5022529885586836,1.956619076099184,0
-0.7330102887826981,-0.158661197432547,-0.29768220359200137,-0.32940768537900034,-0.5022529885586836,1.956619076099184,0
-0.5462456562640295,-0.158661197432547,-0.29768220359200137,-0.32940768537900034,-0.5022529885586836,1.956619076099184,0
-0.2972261462391382,-0.158661197432547,-0.29768220359200137,-0.32940768537900034,-0.5022529885586836,1.956619076099184,0
-0.1727163912266925,-0.158661197432547,-0.29768220359200137,-0.32940768537900034,-0.5022529885586836,1.956619076099184,0
-0.5151182175109181,-0.158661197432547,-0.29768220359200137,-0.32940768537900034,-0.5022529885586836,1.956619076099184,0
-0.11046151372046965,-0.158661197432547,-0.29768220359200137,-0.32940768537900034,-0.5022529885586836,1.956619076099184,0
-0.4217359012515839,-0.158661197432547,-0.29768220359200137,-0.32940768537900034,-0.5022529885586836,1.956619076099184,0
-0.5151182175109181,-0.158661197432547,-0.29768220359200137,-0.32940768537900034,-0.5022529885586836,1.956619076099184,0
-0.7330102887826981,-0.158661197432547,-0.29768220359200137,-0.32940768537900034,-0.5022529885586836,1.956619076099184,0
-0.359481023745361,-0.158661197432547,-0.29768220359200137,-0.32940768537900034,-0.5022529885586836,1.956619076099184,0
-0.795265166288921,-0.158661197432547,-0.29768220359200137,-0.32940768537900034,-0.5022529885586836,1.956619076099184,0
-0.07933407496735823,-0.158661197432547,-0.29768220359200137,-0.32940768537900034,-0.5022529885586836,1.956619076099184,0
-0.6085005337702524,-0.158661197432547,-0.29768220359200137,-0.32940768537900034,-0.5022529885586836,1.956619076099184,0
-0.9820297988075894,-0.158661197432547,-0.29768220359200137,-0.32940768537900034,-0.5022529885586836,1.956619076099184,0
-0.4839907787578067,-0.158661197432547,-0.29768220359200137,-0.32940768537900034,-0.5022529885586836,1.956619076099184,0
-0.5462456562640295,-0.158661197432547,-0.29768220359200137,-0.32940768537900034,-0.5022529885586836,1.956619076099184,0
-0.8575200437951438,-0.158661197432547,-0.29768220359200137,-0.32940768537900034,-0.5022529885586836,1.956619076099184,0
0.3875775063293131,-0.7034042119665803,-0.29768220359200137,-0.32940768537900034,-0.5022529885586836,1.956619076099184,0
0.3875775063293131,-0.7034042119665803,-0.29768220359200137,-0.32940768537900034,-0.5022529885586836,1.956619076099184,0
0.6054695776010931,-0.7034042119665803,-0.29768220359200137,-0.32940768537900034,-0.5022529885586836,1.956619076099184,0
0.8856165263790958,-0.7034042119665803,-0.29768220359200137,-0.32940768537900034,-0.5022529885586836,1.956619076099184,0
-0.23497126873291535,-0.7034042119665803,-0.29768220359200137,-0.32940768537900034,-0.5022529885586836,1.956619076099184,0
0.6365970163542045,-0.7034042119665803,-0.29768220359200137,-0.32940768537900034,-0.5022529885586836,1.956619076099184,0
0.6988518938604273,-0.7034042119665803,-0.29768220359200137,-0.32940768537900034,-0.5022529885586836,1.956619076099184,0
0.6365970163542045,-0.7034042119665803,-0.29768220359200137,-0.32940768537900034,-0.5022529885586836,1.956619076099184,0
0.7611067713666502,-0.7034042119665803,-0.29768220359200137,-0.32940768537900034,-0.5022529885586836,1.956619076099184,0
0.4187049450824245,-0.3402422022772248,-0.29768220359200137,-0.32940768537900034,-0.5022529885586836,1.956619076099184,0
0.13855799630442173,0.022919807412130767,-0.29768220359200137,-0.32940768537900034,-0.5022529885586836,1.956619076099184,0
-0.07933407496735823,0.022919807412130767,-0.29768220359200137,-0.32940768537900034,-0.5022529885586836,1.956619076099184,0
0.8856165263790958,0.022919807412130767,-0.29768220359200137,-0.32940768537900034,-0.5022529885586836,1.956619076099184,0
0.8544890876259844,0.022919807412130767,-0.29768220359200137,-0.32940768537900034,-0.5022529885586836,1.956619076099184,0
0.26306775131686744,0.022919807412130767,-0.29768220359200137,-0.32940768537900034,-0.5022529885586836,1.956619076099184,0
0.8544890876259844,0.022919807412130767,-0.29768220359200137,-0.32940768537900034,-0.5022529885586836,1.956619076099184,0
0.823361648872873,0.022919807412130767,-0.29768220359200137,-0.32940768537900034,-0.5022529885586836,1.956619076099184,0
-0.3283535849922496,0.022919807412130767,-0.29768220359200137,-0.32940768537900034,-0.5022529885586836,1.956619076099184,0
-0.07933407496735823,0.022919807412130767,-0.29768220359200137,-0.32940768537900034,-0.5022529885586836,1.956619076099184,0
-0.07933407496735823,0.022919807412130767,-0.29768220359200137,-0.32940768537900034,-0.5022529885586836,1.956619076099184,0
0.16968543505753314,0.022919807412130767,-0.29768220359200137,-0.32940768537900034,-0.5022529885586836,1.956619076099184,0
-0.07933407496735823,0.022919807412130767,-0.29768220359200137,-0.32940768537900034,-0.5022529885586836,1.956619076099184,0
-0.04820663621424681,0.022919807412130767,-0.29768220359200137,-0.32940768537900034,-0.5022529885586836,1.956619076099184,0
-0.11046151372046965,0.022919807412130767,-0.29768220359200137,-0.32940768537900034,-0.5022529885586836,1.956619076099184,0
-0.2038438299798039,0.022919807412130767,-0.29768220359200137,-0.32940768537900034,-0.5022529885586836,1.956619076099184,0
0.014048241291976035,0.022919807412130767,-0.29768220359200137,-0.32940768537900034,-0.5022529885586836,1.956619076099184,0
-0.017079197461135388,0.022919807412130767,-0.29768220359200137,-0.32940768537900034,-0.5022529885586836,1.956619076099184,0
0.014048241291976035,0.022919807412130767,-0.29768220359200137,-0.32940768537900034,-0.5022529885586836,1.956619076099184,0
-0.017079197461135388,0.022919807412130767,-0.29768220359200137,-0.32940768537900034,-0.5022529885586836,1.956619076099184,0
0.014048241291976035,0.022919807412130767,-0.29768220359200137,-0.32940768537900034,-0.5022529885586836,1.956619076099184,0
0.04517568004508746,0.022919807412130767,-0.29768220359200137,-0.32940768537900034,-0.5022529885586836,1.956619076099184,0
-0.11046151372046965,0.022919807412130767,-0.29768220359200137,-0.32940768537900034,-0.5022529885586836,1.956619076099184,0
-0.07933407496735823,0.022919807412130767,-0.29768220359200137,-0.32940768537900034,-0.5022529885586836,1.956619076099184,0
-0.017079197461135388,0.022919807412130767,-0.29768220359200137,-0.32940768537900034,-0.5022529885586836,1.956619076099184,0
-0.07933407496735823,0.022919807412130767,-0.29768220359200137,-0.32940768537900034,-0.5022529885586836,1.956619076099184,0
0.5120872613417587,0.022919807412130767,-0.29768220359200137,-0.32940768537900034,-0.5022529885586836,1.956619076099184,0
-0.017079197461135388,0.022919807412130767,-0.29768220359200137,-0.32940768537900034,-0.5022529885586836,1.956619076099184,0
0.5120872613417587,0.022919807412130767,-0.29768220359200137,-0.32940768537900034,-0.5022529885586836,1.956619076099184,0
0.6677244551073159,0.022919807412130767,-0.29768220359200137,-0.32940768537900034,-0.5022529885586836,1.956619076099184,0
0.6054695776010931,0.022919807412130767,-0.29768220359200137,-0.32940768537900034,-0.5022529885586836,1.956619076099184,0
0.4809598225886474,0.022919807412130767,-0.29768220359200137,-0.32940768537900034,-0.5022529885586836,1.956619076099184,0
0.13855799630442173,0.022919807412130767,-0.29768220359200137,-0.32940768537900034,-0.5022529885586836,1.956619076099184,0
0.5432147000948702,0.022919807412130767,-0.29768220359200137,-0.32940768537900034,-0.5022529885586836,1.956619076099184,0
0.13855799630442173,0.022919807412130767,-0.29768220359200137,-0.32940768537900034,-0.5022529885586836,1.956619076099184,0
0.6054695776010931,0.022919807412130767,-0.29768220359200137,-0.32940768537900034,-0.5022529885586836,1.956619076099184,0
0.3564500675762017,0.022919807412130767,-0.29768220359200137,-0.32940768537900034,-0.5022529885586836,1.956619076099184,0
0.3564500675762017,0.022919807412130767,-0.29768220359200137,-0.32940768537900034,-0.5022529885586836,1.956619076099184,0
0.5743421388479817,0.022919807412130767,-0.29768220359200137,-0.32940768537900034,-0.5022529885586836,1.956619076099184,0
0.4498323838355359,0.022919807412130767,-0.29768220359200137,-0.32940768537900034,-0.5022529885586836,1.956619076099184,0
0.4498323838355359,0.3860818171014863,-0.29768220359200137,-0.32940768537900034,-0.5022529885586836,1.956619076099184,0
0.6988518938604273,0.3860818171014863,-0.29768220359200137,-0.32940768537900034,-0.5022529885586836,1.956619076099184,0
0.9478714038853187,-0.7034042119665803,-0.29768220359200137,-0.32940768537900034,-0.5022529885586836,1.956619076099184,0
0.13855799630442173,-0.7034042119665803,-0.29768220359200137,-0.32940768537900034,-0.5022529885586836,1.956619076099184,0
0.4498323838355359,-0.7034042119665803,-0.29768220359200137,-0.32940768537900034,-0.5022529885586836,1.956619076099184,0
-0.23497126873291535,-0.7034042119665803,-0.29768220359200137,-0.32940768537900034,-0.5022529885586836,1.956619076099184,0
-0.1727163912266925,-0.7034042119665803,-0.29768220359200137,-0.32940768537900034,-0.5022529885586836,1.956619076099184,0
0.5120872613417587,-0.7034042119665803,-0.29768220359200137,-0.32940768537900034,-0.5022529885586836,1.956619076099184,0
0.6054695776010931,-0.7034042119665803,-0.29768220359200137,-0.32940768537900034,-0.5022529885586836,1.956619076099184,0
0.4498323838355359,-0.7034042119665803,-0.29768220359200137,-0.32940768537900034,-0.5022529885586836,1.956619076099184,0
0.6988518938604273,-0.7034042119665803,-0.29768220359200137,-0.32940768537900034,-0.5022529885586836,1.956619076099184,0
0.5120872613417587,-0.7034042119665803,-0.29768220359200137,-0.32940768537900034,-0.5022529885586836,1.956619076099184,0
0.6054695776010931,-0.7034042119665803,-0.29768220359200137,-0.32940768537900034,-0.5022529885586836,1.956619076099184,0
0.4498323838355359,-0.7034042119665803,-0.29768220359200137,-0.32940768537900034,-0.5022529885586836,1.956619076099184,0
-0.2038438299798039,-0.7034042119665803,-0.29768220359200137,-0.32940768537900034,-0.5022529885586836,1.956619076099184,0
-0.2038438299798039,-0.7034042119665803,-0.29768220359200137,-0.32940768537900034,-0.5022529885586836,1.956619076099184,0
-0.6707554112764752,-0.7034042119665803,-0.29768220359200137,-0.32940768537900034,-0.5022529885586836,1.956619076099184,0
0.6054695776010931,-0.158661197432547,-0.29768220359200137,-0.32940768537900034,-0.5022529885586836,1.956619076099184,0
0.4809598225886474,-0.158661197432547,-0.29768220359200137,-0.32940768537900034,-0.5022529885586836,1.956619076099184,0
-0.8886474825482552,0.022919807412130767,-0.29768220359200137,-0.32940768537900034,-0.5022529885586836,1.956619076099184,0
-0.1727163912266925,0.022919807412130767,-0.29768220359200137,-0.32940768537900034,-0.5022529885586836,1.956619076099184,0
-0.359481023745361,0.022919807412130767,-0.29768220359200137,-0.32940768537900034,-0.5022529885586836,1.956619076099184,0
-1.0754121150669238,2.201891865548264,-0.29768220359200137,-0.32940768537900034,-0.5022529885586836,1.956619076099184,0
-0.6085005337702524,2.201891865548264,-0.29768220359200137,-0.32940768537900034,-0.5022529885586836,1.956619076099184,0
-0.5462456562640295,2.201891865548264,-0.29768220359200137,-0.32940768537900034,-0.5022529885586836,1.956619076099184,0
-1.7913432063884864,2.201891865548264,-0.29768220359200137,-0.32940768537900034,-0.5022529885586836,1.956619076099184,0
-0.8886474825482552,2.201891865548264,-0.29768220359200137,-0.32940768537900034,-0.5022529885586836,1.956619076099184,0
-0.6085005337702524,2.201891865548264,-0.29768220359200137,-0.32940768537900034,-0.5022529885586836,1.956619076099184,0
0.4809598225886474,2.201891865548264,-0.29768220359200137,-0.32940768537900034,-0.5022529885586836,1.956619076099184,0
0.5743421388479817,2.201891865548264,-0.29768220359200137,-0.32940768537900034,-0.5022529885586836,1.956619076099184,0
-0.8886474825482552,2.201891865548264,-0.29768220359200137,-0.32940768537900034,-0.5022529885586836,1.956619076099184,0
-1.1999218700793695,2.201891865548264,-0.29768220359200137,-0.32940768537900034,-0.5022529885586836,1.956619076099184,0
0.014048241291976035,-0.7034042119665803,-0.29768220359200137,-0.32940768537900034,-0.5022529885586836,-0.5110856845951085,1
0.32532262882309027,-0.158661197432547,-0.29768220359200137,-0.32940768537900034,-0.5022529885586836,-0.5110856845951085,1
-1.3244316250918151,-0.158661197432547,-0.29768220359200137,-0.32940768537900034,-0.5022529885586836,-0.5110856845951085,1
-2.4450194202038262,-0.158661197432547,-0.29768220359200137,-0.32940768537900034,-0.5022529885586836,-0.5110856845951085,1
-1.2621767475855923,-0.158661197432547,-0.29768220359200137,-0.32940768537900034,-0.5022529885586836,-0.5110856845951085,1
-0.4217359012515839,-0.158661197432547,-0.29768220359200137,-0.32940768537900034,-0.5022529885586836,-0.5110856845951085,1
-1.1376669925731466,-0.158661197432547,-0.29768220359200137,-0.32940768537900034,-0.5022529885586836,-0.5110856845951085,1
0.7922342101197616,1.1668801379336007,-0.29768220359200137,-0.32940768537900034,-0.5022529885586836,-0.5110856845951085,1
-1.2310493088324808,-0.7034042119665803,-0.29768220359200137,-0.32940768537900034,-0.5022529885586836,-0.5110856845951085,1
-1.4489413801042608,-0.7034042119665803,-0.29768220359200137,-0.32940768537900034,-0.5022529885586836,-0.5110856845951085,1
-0.6707554112764752,0.022919807412130767,-0.29768220359200137,-0.32940768537900034,-0.5022529885586836,-0.5110856845951085,1
-1.1376669925731466,0.022919807412130767,-0.29768220359200137,-0.32940768537900034,-0.5022529885586836,-0.5110856845951085,1
-0.6085005337702524,0.022919807412130767,-0.29768220359200137,-0.32940768537900034,-0.5022529885586836,-0.5110856845951085,1
-0.9197749213013666,0.022919807412130767,-0.29768220359200137,-0.32940768537900034,-0.5022529885586836,-0.5110856845951085,1
-0.6396279725233638,0.022919807412130767,-0.29768220359200137,-0.32940768537900034,-0.5022529885586836,-0.5110856845951085,1
0.5120872613417587,0.7492438267908418,-0.29768220359200137,-0.32940768537900034,-0.5022529885586836,-0.5110856845951085,1
0.07630311879819889,0.7492438267908418,-0.29768220359200137,-0.32940768537900034,-0.5022529885586836,-0.5110856845951085,1
0.231940312563756,1.7479393534365695,-0.29768220359200137,-0.32940768537900034,-0.5022529885586836,-0.5110856845951085,1
0.32532262882309027,1.7479393534365695,-0.29768220359200137,-0.32940768537900034,-0.5022529885586836,-0.5110856845951085,1
0.7922342101197616,-0.7034042119665803,-0.29768220359200137,-0.32940768537900034,-0.5022529885586836,-0.5110856845951085,1
0.5432147000948702,-0.7034042119665803,-0.29768220359200137,-0.32940768537900034,-0.5022529885586836,-0.5110856845951085,1
-2.5072742977100493,-0.7034042119665803,-0.29768220359200137,-0.32940768537900034,-0.5022529885586836,-0.5110856845951085,1
1.3214006689226558,2.201891865548264,-0.29768220359200137,-0.32940768537900034,-0.5022529885586836,-0.5110856845951085,1
0.5120872613417587,2.201891865548264,-0.29768220359200137,-0.32940768537900034,-0.5022529885586836,-0.5110856845951085,1
-0.4217359012515839,2.201891865548264,-0.29768220359200137,-0.32940768537900034,-0.5022529885586836,-0.5110856845951085,1
0.3875775063293131,2.201891865548264,-0.29768220359200137,-0.32940768537900034,-0.5022529885586836,-0.5110856845951085,1
0.4498323838355359,2.201891865548264,-0.29768220359200137,-0.32940768537900034,-0.5022529885586836,-0.5110856845951085,1
-0.26609870748602676,2.201891865548264,-0.29768220359200137,-0.32940768537900034,-0.5022529885586836,-0.5110856845951085,1
-0.3283535849922496,2.201891865548264,-0.29768220359200137,-0.32940768537900034,-0.5022529885586836,-0.5110856845951085,1
0.4498323838355359,2.201891865548264,-0.29768220359200137,-0.32940768537900034,-0.5022529885586836,-0.5110856845951085,1
0.3875775063293131,2.201891865548264,-0.29768220359200137,-0.32940768537900034,-0.5022529885586836,-0.5110856845951085,1
0.823361648872873,2.201891865548264,-0.29768220359200137,-0.32940768537900034,-0.5022529885586836,-0.5110856845951085,1
0.3564500675762017,2.201891865548264,-0.29768220359200137,-0.32940768537900034,-0.5022529885586836,-0.5110856845951085,1
0.5743421388479817,2.201891865548264,-0.29768220359200137,-0.32940768537900034,-0.5022529885586836,-0.5110856845951085,1
0.16968543505753314,2.201891865548264,-0.29768220359200137,-0.32940768537900034,-0.5022529885586836,-0.5110856845951085,1
0.3564500675762017,2.201891865548264,-0.29768220359200137,-0.32940768537900034,-0.5022529885586836,-0.5110856845951085,1
1.1346360364039871,2.201891865548264,-0.29768220359200137,-0.32940768537900034,-0.5022529885586836,-0.5110856845951085,1
0.5432147000948702,2.201891865548264,-0.29768220359200137,-0.32940768537900034,-0.5022529885586836,-0.5110856845951085,1
0.4498323838355359,2.201891865548264,-0.29768220359200137,-0.32940768537900034,-0.5022529885586836,-0.5110856845951085,1
0.3875775063293131,0.3860818171014863,-0.29768220359200137,-0.32940768537900034,-0.5022529885586836,-0.5110856845951085,1
0.6365970163542045,0.3860818171014863,-0.29768220359200137,-0.32940768537900034,-0.5022529885586836,-0.5110856845951085,1
0.16968543505753314,-0.158661197432547,-0.29768220359200137,-0.32940768537900034,-0.5022529885586836,-0.5110856845951085,1
-0.4217359012515839,-0.158661197432547,-0.29768220359200137,-0.32940768537900034,-0.5022529885586836,-0.5110856845951085,1
-0.11046151372046965,0.20450081225680852,-0.29768220359200137,-0.32940768537900034,-0.5022529885586836,-0.5110856845951085,1
0.04517568004508746,1.9295203582812472,-0.29768220359200137,-0.32940768537900034,-0.5022529885586836,-0.5110856845951085,1
-0.4528633400046953,1.9295203582812472,-0.29768220359200137,-0.32940768537900034,-0.5022529885586836,-0.5110856845951085,1
0.4809598225886474,1.9295203582812472,-0.29768220359200137,-0.32940768537900034,-0.5022529885586836,-0.5110856845951085,1
0.26306775131686744,1.9295203582812472,-0.29768220359200137,-0.32940768537900034,-0.5022529885586836,-0.5110856845951085,1
1.0101262813915415,-0.7034042119665803,-0.29768220359200137,-0.32940768537900034,-0.5022529885586836,-0.5110856845951085,1
0.9167439651322072,-0.7034042119665803,-0.29768220359200137,-0.32940768537900034,-0.5022529885586836,-0.5110856845951085,1
1.1657634751570987,-0.7034042119665803,-0.29768220359200137,-0.32940768537900034,-0.5022529885586836,-0.5110856845951085,1
1.041253720144653,-0.7034042119665803,-0.29768220359200137,-0.32940768537900034,-0.5022529885586836,-0.5110856845951085,1
1.0723811588977643,-0.7034042119665803,-0.29768220359200137,-0.32940768537900034,-0.5022529885586836,-0.5110856845951085,1
1.041253720144653,-0.7034042119665803,-0.29768220359200137,-0.32940768537900034,-0.5022529885586836,-0.5110856845951085,1
1.1968909139102102,-0.7034042119665803,-0.29768220359200137,-0.32940768537900034,-0.5022529885586836,-0.5110856845951085,1
0.3564500675762017,-0.7034042119665803,-0.29768220359200137,-0.32940768537900034,-0.5022529885586836,-0.5110856845951085,1
1.1035085976508758,-0.7034042119665803,-0.29768220359200137,-0.32940768537900034,-0.5022529885586836,-0.5110856845951085,1
1.259145791416433,-0.7034042119665803,-0.29768220359200137,-0.32940768537900034,-0.5022529885586836,-0.5110856845951085,1
0.9167439651322072,-0.7034042119665803,-0.29768220359200137,-0.32940768537900034,-0.5022529885586836,-0.5110856845951085,1
1.3214006689226558,-0.7034042119665803,-0.29768220359200137,-0.32940768537900034,-0.5022529885586836,-0.5110856845951085,1
1.041253720144653,-0.7034042119665803,-0.29768220359200137,-0.32940768537900034,-0.5022529885586836,-0.5110856845951085,1
1.1035085976508758,-0.7034042119665803,-0.29768220359200137,-0.32940768537900034,-0.5022529885586836,-0.5110856845951085,1
1.0723811588977643,-0.7034042119665803,-0.29768220359200137,-0.32940768537900034,-0.5022529885586836,-0.5110856845951085,1
0.7922342101197616,-0.7034042119665803,-0.29768220359200137,-0.32940768537900034,-0.5022529885586836,-0.5110856845951085,1
0.9478714038853187,-0.7034042119665803,-0.29768220359200137,-0.32940768537900034,-0.5022529885586836,-0.5110856845951085,1
0.6677244551073159,-0.7034042119665803,-0.29768220359200137,-0.32940768537900034,-0.5022529885586836,-0.5110856845951085,1
-0.14158895247358108,-0.7034042119665803,-0.29768220359200137,-0.32940768537900034,-0.5022529885586836,-0.5110856845951085,1
0.8856165263790958,-0.7034042119665803,-0.29768220359200137,-0.32940768537900034,-0.5022529885586836,-0.5110856845951085,1
0.1074305575513103,-0.7034042119665803,-0.29768220359200137,-0.32940768537900034,-0.5022529885586836,-0.5110856845951085,1
0.823361648872873,-0.7034042119665803,-0.29768220359200137,-0.32940768537900034,-0.5022529885586836,-0.5110856845951085,1
0.3564500675762017,-0.7034042119665803,-0.29768220359200137,-0.32940768537900034,-0.5022529885586836,-0.5110856845951085,1
0.7922342101197616,-0.7034042119665803,-0.29768220359200137,-0.32940768537900034,-0.5022529885586836,-0.5110856845951085,1
0.6988518938604273,-0.7034042119665803,-0.29768220359200137,-0.32940768537900034,-0.5022529885586836,-0.5110856845951085,1
0.3875775063293131,-0.7034042119665803,-0.29768220359200137,-0.32940768537900034,-0.5022529885586836,-0.5110856845951085,1
0.16968543505753314,1.9295203582812472,-0.29768220359200137,-0.32940768537900034,-0.5022529885586836,-0.5110856845951085,1
0.231940312563756,1.7479393534365695,-0.29768220359200137,-0.32940768537900034,-0.5022529885586836,-0.5110856845951085,1
-0.577373095017141,1.7479393534365695,-0.29768220359200137,-0.32940768537900034,-0.5022529885586836,-0.5110856845951085,1
0.13855799630442173,0.3860818171014863,-0.29768220359200137,-0.32940768537900034,-0.5022529885586836,-0.5110856845951085,1
-0.950902360054478,-0.3402422022772248,-0.29768220359200137,-0.32940768537900034,-0.5022529885586836,-0.5110856845951085,1
-0.1727163912266925,-0.3402422022772248,-0.29768220359200137,-0.32940768537900034,-0.5022529885586836,-0.5110856845951085,1
0.13855799630442173,-0.3402422022772248,-0.29768220359200137,-0.32940768537900034,-0.5022529885586836,-0.5110856845951085,1
-1.106539553820035,2.201891865548264,-0.29768220359200137,-0.32940768537900034,-0.5022529885586836,-0.5110856845951085,1
0.5743421388479817,-0.7034042119665803,-0.29768220359200137,-0.32940768537900034,-0.5022529885586836,-0.5110856845951085,1
1.041253720144653,2.201891865548264,-0.29768220359200137,-0.32940768537900034,-0.5022529885586836,-0.5110856845951085,1
0.5120872613417587,-0.7034042119665803,-0.29768220359200137,-0.32940768537900034,-0.5022529885586836,-0.5110856845951085,1
1.041253720144653,-0.5218232071219026,-0.29768220359200137,-0.32940768537900034,-0.5022529885586836,-0.5110856845951085,1
0.3564500675762017,-0.7034042119665803,-0.29768220359200137,-0.32940768537900034,-0.5022529885586836,-0.5110856845951085,1
0.4498323838355359,-0.7034042119665803,-0.29768220359200137,-0.32940768537900034,-0.5022529885586836,-0.5110856845951085,1
0.6988518938604273,-0.158661197432547,-0.29768220359200137,-0.32940768537900034,-0.5022529885586836,-0.5110856845951085,1
1.1035085976508758,-0.158661197432547,-0.29768220359200137,-0.32940768537900034,-0.5022529885586836,-0.5110856845951085,1
-0.950902360054478,-0.7034042119665803,-0.29768220359200137,-0.32940768537900034,-0.5022529885586836,-0.5110856845951085,1
0.8856165263790958,0.022919807412130767,-0.29768220359200137,-0.32940768537900034,-0.5022529885586836,-0.5110856845951085,1
0.9789988426384302,-0.5218232071219026,-0.29768220359200137,-0.32940768537900034,-0.5022529885586836,-0.5110856845951085,1
-0.9197749213013666,-0.7034042119665803,-0.29768220359200137,-0.32940768537900034,-0.5022529885586836,-0.5110856845951085,1
0.6677244551073159,-0.7034042119665803,-0.29768220359200137,-0.32940768537900034,-0.5022529885586836,-0.5110856845951085,1
0.5743421388479817,-0.7034042119665803,-0.29768220359200137,-0.32940768537900034,-0.5022529885586836,-0.5110856845951085,1
0.4498323838355359,-0.7034042119665803,-0.29768220359200137,-0.32940768537900034,-0.5022529885586836,-0.5110856845951085,1
1.5392927401944356,-0.7034042119665803,-0.29768220359200137,-0.32940768537900034,-0.5022529885586836,-0.5110856845951085,1
-0.07933407496735823,0.022919807412130767,-0.29768220359200137,-0.32940768537900034,-0.5022529885586836,-0.5110856845951085,1
-0.1727163912266925,0.022919807412130767,-0.29768220359200137,-0.32940768537900034,-0.5022529885586836,-0.5110856845951085,1
0.823361648872873,0.022919807412130767,-0.29768220359200137,-0.32940768537900034,-0.5022529885586836,-0.5110856845951085,1
0.7299793326135388,0.022919807412130767,-0.29768220359200137,-0.32940768537900034,-0.5022529885586836,-0.5110856845951085,1
0.231940312563756,0.022919807412130767,-0.29768220359200137,-0.32940768537900034,-0.5022529885586836,-0.5110856845951085,1
0.13855799630442173,0.022919807412130767,-0.29768220359200137,-0.32940768537900034,-0.5022529885586836,-0.5110856845951085,1
0.32532262882309027,0.022919807412130767,-0.29768220359200137,-0.32940768537900034,-0.5022529885586836,-0.5110856845951085,1
0.32532262882309027,0.022919807412130767,-0.29768220359200137,-0.32940768537900034,-0.5022529885586836,-0.5110856845951085,1
0.3875775063293131,0.022919807412130767,-0.29768220359200137,-0.32940768537900034,-0.5022529885586836,-0.5110856845951085,1
-0.6396279725233638,0.3860818171014863,-0.29768220359200137,-0.32940768537900034,-0.5022529885586836,-0.5110856845951085,1
-0.2038438299798039,0.3860818171014863,-0.29768220359200137,-0.32940768537900034,-0.5022529885586836,-0.5110856845951085,1
-0.2038438299798039,0.3860818171014863,-0.29768220359200137,-0.32940768537900034,-0.5022529885586836,-0.5110856845951085,1
1.41478298518199,0.3860818171014863,-0.29768220359200137,-0.32940768537900034,-0.5022529885586836,-0.5110856845951085,1
0.014048241291976035,0.3860818171014863,-0.29768220359200137,-0.32940768537900034,-0.5022529885586836,-0.5110856845951085,1
0.3875775063293131,0.3860818171014863,-0.29768220359200137,-0.32940768537900034,-0.5022529885586836,-0.5110856845951085,1
0.3875775063293131,0.3860818171014863,-0.29768220359200137,-0.32940768537900034,-0.5022529885586836,-0.5110856845951085,1
-0.7330102887826981,0.3860818171014863,-0.29768220359200137,-0.32940768537900034,-0.5022529885586836,-0.5110856845951085,1
0.20081287381064455,0.3860818171014863,-0.29768220359200137,-0.32940768537900034,-0.5022529885586836,-0.5110856845951085,1
0.6365970163542045,-0.7034042119665803,-0.29768220359200137,-0.32940768537900034,-0.5022529885586836,-0.5110856845951085,1
0.6365970163542045,-0.7034042119665803,-0.29768220359200137,-0.32940768537900034,-0.5022529885586836,-0.5110856845951085,1
0.7922342101197616,-0.7034042119665803,-0.29768220359200137,-0.32940768537900034,-0.5022529885586836,-0.5110856845951085,1
0.823361648872873,-0.7034042119665803,-0.29768220359200137,-0.32940768537900034,-0.5022529885586836,-0.5110856845951085,1
0.7611067713666502,-0.7034042119665803,-0.29768220359200137,-0.32940768537900034,-0.5022529885586836,-0.5110856845951085,1
0.6677244551073159,-0.7034042119665803,-0.29768220359200137,-0.32940768537900034,-0.5022529885586836,-0.5110856845951085,1
0.13855799630442173,-0.7034042119665803,-0.29768220359200137,-0.32940768537900034,-0.5022529885586836,-0.5110856845951085,1
0.9789988426384302,-0.7034042119665803,-0.29768220359200137,-0.32940768537900034,-0.5022529885586836,-0.5110856845951085,1
0.9789988426384302,-0.7034042119665803,-0.29768220359200137,-0.32940768537900034,-0.5022529885586836,-0.5110856845951085,1
0.7922342101197616,-0.7034042119665803,-0.29768220359200137,-0.32940768537900034,-0.5022529885586836,-0.5110856845951085,1
0.7611067713666502,-0.7034042119665803,-0.29768220359200137,-0.32940768537900034,-0.5022529885586836,-0.5110856845951085,1
3.687086014159124,-0.7034042119665803,-0.29768220359200137,-0.32940768537900034,-0.5022529885586836,-0.5110856845951085,1
-1.0754121150669238,-0.7034042119665803,-0.29768220359200137,-0.32940768537900034,-0.5022529885586836,-0.5110856845951085,1
-1.5423236963635951,-0.7034042119665803,-0.29768220359200137,-0.32940768537900034,-0.5022529885586836,-0.5110856845951085,1
1.3214006689226558,-0.7034042119665803,-0.29768220359200137,-0.32940768537900034,-0.5022529885586836,-0.5110856845951085,1
1.1657634751570987,-0.7034042119665803,-0.29768220359200137,-0.32940768537900034,-0.5022529885586836,-0.5110856845951085,1
-0.017079197461135388,-0.7034042119665803,-0.29768220359200137,-0.32940768537900034,-0.5022529885586836,-0.5110856845951085,1
-0.017079197461135388,0.022919807412130767,-0.29768220359200137,-0.32940768537900034,-0.5022529885586836,-0.5110856845951085,1
0.5743421388479817,1.9295203582812472,-0.29768220359200137,-0.32940768537900034,-0.5022529885586836,-0.5110856845951085,1
0.13855799630442173,1.9295203582812472,-0.29768220359200137,-0.32940768537900034,-0.5022529885586836,-0.5110856845951085,1
0.5120872613417587,-0.7034042119665803,-0.29768220359200137,-0.32940768537900034,-0.5022529885586836,-0.5110856845951085,1
0.13855799630442173,0.022919807412130767,-0.29768220359200137,-0.32940768537900034,-0.5022529885586836,-0.5110856845951085,1
-0.14158895247358108,0.022919807412130767,-0.29768220359200137,-0.32940768537900034,-0.5022529885586836,-0.5110856845951085,1
0.3875775063293131,0.022919807412130767,-0.29768220359200137,-0.32940768537900034,-0.5022529885586836,-0.5110856845951085,1
0.4498323838355359,-0.158661197432547,-0.29768220359200137,-0.32940768537900034,-0.5022529885586836,-0.5110856845951085,1
0.4187049450824245,-0.158661197432547,-0.29768220359200137,-0.32940768537900034,-0.5022529885586836,-0.5110856845951085,1
0.4498323838355359,-0.158661197432547,-0.29768220359200137,-0.32940768537900034,-0.5022529885586836,-0.5110856845951085,1
0.07630311879819889,-0.158661197432547,-0.29768220359200137,-0.32940768537900034,-0.5022529885586836,-0.5110856845951085,1
-0.11046151372046965,0.3860818171014863,-0.29768220359200137,-0.32940768537900034,-0.5022529885586836,-0.5110856845951085,1
-0.07933407496735823,0.3860818171014863,-0.29768220359200137,-0.32940768537900034,-0.5022529885586836,-0.5110856845951085,1
0.9478714038853187,0.3860818171014863,-0.29768220359200137,-0.32940768537900034,-0.5022529885586836,-0.5110856845951085,1
0.9789988426384302,0.3860818171014863,-0.29768220359200137,-0.32940768537900034,-0.5022529885586836,-0.5110856845951085,1
0.1074305575513103,0.3860818171014863,-0.29768220359200137,-0.32940768537900034,-0.5022529885586836,-0.5110856845951085,1
-0.07933407496735823,0.3860818171014863,-0.29768220359200137,-0.32940768537900034,-0.5022529885586836,-0.5110856845951085,1
-0.07933407496735823,-0.5218232071219026,-0.29768220359200137,-0.32940768537900034,-0.5022529885586836,-0.5110856845951085,1
-0.23497126873291535,-0.5218232071219026,-0.29768220359200137,-0.32940768537900034,-0.5022529885586836,-0.5110856845951085,1
-0.950902360054478,-0.5218232071219026,-0.29768220359200137,-0.32940768537900034,-0.5022529885586836,-0.5110856845951085,1
1.4770378626882128,-0.158661197432547,-0.29768220359200137,-0.32940768537900034,-0.5022529885586836,-0.5110856845951085,1
0.20081287381064455,-0.158661197432547,-0.29768220359200137,-0.32940768537900034,-0.5022529885586836,-0.5110856845951085,1
1.259145791416433,-0.158661197432547,-0.29768220359200137,-0.32940768537900034,-0.5022529885586836,-0.5110856845951085,1
-0.23497126873291535,-0.158661197432547,-0.29768220359200137,-0.32940768537900034,-0.5022529885586836,-0.5110856845951085,1
0.231940312563756,-0.158661197432547,-0.29768220359200137,-0.32940768537900034,-0.5022529885586836,-0.5110856845951085,1
-0.7330102887826981,-0.158661197432547,-0.29768220359200137,-0.32940768537900034,-0.5022529885586836,-0.5110856845951085,1
0.26306775131686744,-0.158661197432547,-0.29768220359200137,-0.32940768537900034,-0.5022529885586836,-0.5110856845951085,1
1.3525281076757671,-0.158661197432547,-0.29768220359200137,-0.32940768537900034,-0.5022529885586836,-0.5110856845951085,1
0.26306775131686744,-0.158661197432547,-0.29768220359200137,-0.32940768537900034,-0.5022529885586836,-0.5110856845951085,1
0.13855799630442173,-0.158661197432547,-0.29768220359200137,-0.32940768537900034,-0.5022529885586836,-0.5110856845951085,1
0.20081287381064455,-0.158661197432547,-0.29768220359200137,-0.32940768537900034,-0.5022529885586836,-0.5110856845951085,1
-1.1376669925731466,-0.17681929791701478,-0.29768220359200137,-0.32940768537900034,-0.5022529885586836,-0.5110856845951085,1
-0.359481023745361,-0.17681929791701478,-0.29768220359200137,-0.32940768537900034,-0.5022529885586836,-0.5110856845951085,1
0.07630311879819889,1.2939868413248752,-0.29768220359200137,-0.32940768537900034,-0.5022529885586836,-0.5110856845951085,1
0.5432147000948702,1.2939868413248752,-0.29768220359200137,-0.32940768537900034,-0.5022529885586836,-0.5110856845951085,1
-0.4217359012515839,1.2939868413248752,-0.29768220359200137,-0.32940768537900034,-0.5022529885586836,-0.5110856845951085,1
1.041253720144653,1.2939868413248752,-0.29768220359200137,-0.32940768537900034,-0.5022529885586836,-0.5110856845951085,1
-0.8263926050420324,1.2939868413248752,-0.29768220359200137,-0.32940768537900034,-0.5022529885586836,-0.5110856845951085,1
-0.2038438299798039,0.3860818171014863,-0.29768220359200137,-0.32940768537900034,-0.5022529885586836,-0.5110856845951085,1
-1.386686502598038,0.3860818171014863,-0.29768220359200137,-0.32940768537900034,-0.5022529885586836,-0.5110856845951085,1
0.5432147000948702,0.3860818171014863,-0.29768220359200137,-0.32940768537900034,-0.5022529885586836,-0.5110856845951085,1
0.014048241291976035,0.3860818171014863,-0.29768220359200137,-0.32940768537900034,-0.5022529885586836,-0.5110856845951085,1
-0.11046151372046965,0.3860818171014863,-0.29768220359200137,-0.32940768537900034,-0.5022529885586836,-0.5110856845951085,1
-1.5111962576104836,0.022919807412130767,-0.29768220359200137,-0.32940768537900034,-0.5022529885586836,-0.5110856845951085,1
0.20081287381064455,0.022919807412130767,-0.29768220359200137,-0.32940768537900034,-0.5022529885586836,-0.5110856845951085,1
-0.23497126873291535,0.022919807412130767,-0.29768220359200137,-0.32940768537900034,-0.5022529885586836,-0.5110856845951085,1
-0.4217359012515839,0.022919807412130767,-0.29768220359200137,-0.32940768537900034,-0.5022529885586836,-0.5110856845951085,1
-1.3244316250918151,0.022919807412130767,-0.29768220359200137,-0.32940768537900034,-0.5022529885586836,-0.5110856845951085,1
-0.23497126873291535,0.3860818171014863,-0.29768220359200137,-0.32940768537900034,-0.5022529885586836,-0.5110856845951085,1
0.4498323838355359,0.3860818171014863,-0.29768220359200137,-0.32940768537900034,-0.5022529885586836,-0.5110856845951085,1
0.5120872613417587,-0.158661197432547,-0.29768220359200137,-0.32940768537900034,-0.5022529885586836,-0.5110856845951085,1
0.5120872613417587,-0.7034042119665803,-0.29768220359200137,-0.32940768537900034,-0.5022529885586836,-0.5110856845951085,1
0.231940312563756,-0.7034042119665803,-0.29768220359200137,-0.32940768537900034,-0.5022529885586836,-0.5110856845951085,1
0.5432147000948702,-0.7034042119665803,-0.29768220359200137,-0.32940768537900034,-0.5022529885586836,-0.5110856845951085,1
0.4809598225886474,1.7479393534365695,-0.29768220359200137,-0.32940768537900034,-0.5022529885586836,-0.5110856845951085,1
0.823361648872873,0.7492438267908418,-0.29768220359200137,-0.32940768537900034,-0.5022529885586836,-0.5110856845951085,1
0.5120872613417587,-0.7034042119665803,-0.29768220359200137,-0.32940768537900034,-0.5022529885586836,-0.5110856845951085,1
0.5743421388479817,-0.7034042119665803,-0.29768220359200137,-0.32940768537900034,-0.5022529885586836,-0.5110856845951085,1
0.6054695776010931,-0.158661197432547,-0.29768220359200137,-0.32940768537900034,-0.5022529885586836,-0.5110856845951085,1
-0.07933407496735823,-0.7034042119665803,-0.29768220359200137,-0.32940768537900034,-0.5022529885586836,-0.5110856845951085,1
0.20081287381064455,-0.7034042119665803,-0.29768220359200137,-0.32940768537900034,-0.5022529885586836,-0.5110856845951085,1
-0.017079197461135388,-0.7034042119665803,-0.29768220359200137,-0.32940768537900034,-0.5022529885586836,-0.5110856845951085,1
-1.8535980838947093,-0.7034042119665803,-0.29768220359200137,-0.32940768537900034,-0.5022529885586836,-0.5110856845951085,1
-0.23497126873291535,0.022919807412130767,-0.29768220359200137,-0.32940768537900034,-0.5022529885586836,-0.5110856845951085,1
-0.4528633400046953,-0.3402422022772248,-0.29768220359200137,-0.32940768537900034,-0.5022529885586836,-0.5110856845951085,1
-0.359481023745361,-0.3402422022772248,-0.29768220359200137,-0.32940768537900034,-0.5022529885586836,-0.5110856845951085,1
0.7611067713666502,-0.3402422022772248,-0.29768220359200137,-0.32940768537900034,-0.5022529885586836,-0.5110856845951085,1
0.3564500675762017,-0.3402422022772248,-0.29768220359200137,-0.32940768537900034,-0.5022529885586836,-0.5110856845951085,1
0.6365970163542045,-0.3402422022772248,-0.29768220359200137,-0.32940768537900034,-0.5022529885586836,-0.5110856845951085,1
0.20081287381064455,-0.3402422022772248,-0.29768220359200137,-0.32940768537900034,-0.5022529885586836,-0.5110856845951085,1
0.32532262882309027,-0.3402422022772248,-0.29768220359200137,-0.32940768537900034,-0.5022529885586836,-0.5110856845951085,1
-0.9820297988075894,0.022919807412130767,-0.29768220359200137,-0.32940768537900034,-0.5022529885586836,-0.5110856845951085,1
0.6988518938604273,-0.7034042119665803,-0.29768220359200137,-0.32940768537900034,-0.5022529885586836,-0.5110856845951085,1
0.3564500675762017,-0.7034042119665803,-0.29768220359200137,-0.32940768537900034,-0.5022529885586836,-0.5110856845951085,1
0.6365970163542045,-0.7034042119665803,-0.29768220359200137,-0.32940768537900034,-0.5022529885586836,-0.5110856845951085,1
0.5432147000948702,-0.7034042119665803,-0.29768220359200137,-0.32940768537900034,-0.5022529885586836,-0.5110856845951085,1
-0.14158895247358108,-0.7034042119665803,-0.29768220359200137,-0.32940768537900034,-0.5022529885586836,-0.5110856845951085,1
-0.04820663621424681,2.201891865548264,-0.29768220359200137,-0.32940768537900034,-0.5022529885586836,-0.5110856845951085,1
-0.07933407496735823,4.017701913995042,-0.29768220359200137,-0.32940768537900034,-0.5022529885586836,-0.5110856845951085,1
-0.14158895247358108,4.017701913995042,-0.29768220359200137,-0.32940768537900034,-0.5022529885586836,-0.5110856845951085,1
0.07630311879819889,4.017701913995042,-0.29768220359200137,-0.32940768537900034,-0.5022529885586836,-0.5110856845951085,1
-0.4217359012515839,4.017701913995042,-0.29768220359200137,-0.32940768537900034,-0.5022529885586836,-0.5110856845951085,1
-0.14158895247358108,4.017701913995042,-0.29768220359200137,-0.32940768537900034,-0.5022529885586836,-0.5110856845951085,1
0.13855799630442173,4.017701913995042,-0.29768220359200137,-0.32940768537900034,-0.5022529885586836,-0.5110856845951085,1
0.13855799630442173,4.017701913995042,-0.29768220359200137,-0.32940768537900034,-0.5022529885586836,-0.5110856845951085,1
0.26306775131686744,4.017701913995042,-0.29768220359200137,-0.32940768537900034,-0.5022529885586836,-0.5110856845951085,1
-0.23497126873291535,4.017701913995042,-0.29768220359200137,-0.32940768537900034,-0.5022529885586836,-0.5110856845951085,1
0.6677244551073159,4.017701913995042,-0.29768220359200137,-0.32940768537900034,-0.5022529885586836,-0.5110856845951085,1
0.4498323838355359,4.017701913995042,-0.29768220359200137,-0.32940768537900034,-0.5022529885586836,-0.5110856845951085,1
-0.6707554112764752,4.017701913995042,-0.29768220359200137,-0.32940768537900034,-0.5022529885586836,-0.5110856845951085,1
0.04517568004508746,4.017701913995042,-0.29768220359200137,-0.32940768537900034,-0.5022529885586836,-0.5110856845951085,1
-1.106539553820035,4.017701913995042,-0.29768220359200137,-0.32940768537900034,-0.5022529885586836,-0.5110856845951085,1
0.8544890876259844,4.017701913995042,-0.29768220359200137,-0.32940768537900034,-0.5022529885586836,-0.5110856845951085,1
-2.413891981450715,4.017701913995042,-0.29768220359200137,-0.32940768537900034,-0.5022529885586836,-0.5110856845951085,1
0.1074305575513103,4.017701913995042,-0.29768220359200137,-0.32940768537900034,-0.5022529885586836,-0.5110856845951085,1
-0.23497126873291535,4.017701913995042,-0.29768220359200137,-0.32940768537900034,-0.5022529885586836,-0.5110856845951085,1
-0.577373095017141,4.017701913995042,-0.29768220359200137,-0.32940768537900034,-0.5022529885586836,-0.5110856845951085,1
0.014048241291976035,4.017701913995042,-0.29768220359200137,-0.32940768537900034,-0.5022529885586836,-0.5110856845951085,1
0.16968543505753314,4.017701913995042,-0.29768220359200137,-0.32940768537900034,-0.5022529885586836,-0.5110856845951085,1
0.26306775131686744,4.017701913995042,-0.29768220359200137,-0.32940768537900034,-0.5022529885586836,-0.5110856845951085,1
0.29419519006997885,4.017701913995042,-0.29768220359200137,-0.32940768537900034,-0.5022529885586836,-0.5110856845951085,1
-1.7290883288822636,4.017701913995042,-0.29768220359200137,-0.32940768537900034,-0.5022529885586836,-0.5110856845951085,1
-0.07933407496735823,4.017701913995042,-0.29768220359200137,-0.32940768537900034,-0.5022529885586836,-0.5110856845951085,1
0.3564500675762017,4.017701913995042,-0.29768220359200137,-0.32940768537900034,-0.5022529885586836,-0.5110856845951085,1
0.07630311879819889,4.017701913995042,-0.29768220359200137,-0.32940768537900034,-0.5022529885586836,-0.5110856845951085,1
0.6988518938604273,0.7492438267908418,-0.29768220359200137,-0.32940768537900034,-0.5022529885586836,-0.5110856845951085,1
1.041253720144653,0.7492438267908418,-0.29768220359200137,-0.32940768537900034,-0.5022529885586836,-0.5110856845951085,1
0.8544890876259844,0.7492438267908418,-0.29768220359200137,-0.32940768537900034,-0.5022529885586836,-0.5110856845951085,1
0.7299793326135388,-0.158661197432547,-0.29768220359200137,-0.32940768537900034,-0.5022529885586836,-0.5110856845951085,1
0.3875775063293131,-0.158661197432547,-0.29768220359200137,-0.32940768537900034,-0.5022529885586836,-0.5110856845951085,1
0.6054695776010931,-0.158661197432547,-0.29768220359200137,-0.32940768537900034,-0.5022529885586836,-0.5110856845951085,1
0.4498323838355359,-0.158661197432547,-0.29768220359200137,-0.32940768537900034,-0.5022529885586836,-0.5110856845951085,1
0.5743421388479817,-0.158661197432547,-0.29768220359200137,-0.32940768537900034,-0.5022529885586836,-0.5110856845951085,1
0.32532262882309027,-0.7034042119665803,-0.29768220359200137,-0.32940768537900034,-0.5022529885586836,-0.5110856845951085,1
0.5120872613417587,-0.7034042119665803,-0.29768220359200137,-0.32940768537900034,-0.5022529885586836,-0.5110856845951085,1
0.5120872613417587,-0.7034042119665803,-0.29768220359200137,-0.32940768537900034,-0.5022529885586836,-0.5110856845951085,1
-2.040362716413378,0.022919807412130767,-0.29768220359200137,-0.32940768537900034,-0.5022529885586836,-0.5110856845951085,1
-1.2310493088324808,-0.5218232071219026,-0.29768220359200137,-0.32940768537900034,-0.5022529885586836,-0.5110856845951085,1
-1.2621767475855923,-0.5218232071219026,-0.29768220359200137,-0.32940768537900034,-0.5022529885586836,-0.5110856845951085,1
-1.2621767475855923,-0.5218232071219026,-0.29768220359200137,-0.32940768537900034,-0.5022529885586836,-0.5110856845951085,1
-2.2893822264382693,-0.158661197432547,-0.29768220359200137,-0.32940768537900034,-0.5022529885586836,-0.5110856845951085,1
-0.7330102887826981,-0.158661197432547,-0.29768220359200137,-0.32940768537900034,-0.5022529885586836,-0.5110856845951085,1
-1.1999218700793695,-0.158661197432547,-0.29768220359200137,-0.32940768537900034,-0.5022529885586836,-0.5110856845951085,1
-2.631784052722495,-0.158661197432547,-0.29768220359200137,-0.32940768537900034,-0.5022529885586836,-0.5110856845951085,1
-1.5111962576104836,-0.158661197432547,-0.29768220359200137,-0.32940768537900034,-0.5022529885586836,-0.5110856845951085,1
1.1346360364039871,-0.158661197432547,-0.29768220359200137,-0.32940768537900034,-0.5022529885586836,-0.5110856845951085,1
-0.4528633400046953,-0.5218232071219026,-0.29768220359200137,-0.32940768537900034,-0.5022529885586836,-0.5110856845951085,1
0.7922342101197616,-0.158661197432547,-0.29768220359200137,-0.32940768537900034,-0.5022529885586836,-0.5110856845951085,1
-2.040362716413378,-0.5218232071219026,-0.29768220359200137,-0.32940768537900034,-0.5022529885586836,-0.5110856845951085,1
0.07630311879819889,-0.3402422022772248,-0.29768220359200137,-0.32940768537900034,-0.5022529885586836,-0.5110856845951085,1
-0.23497126873291535,-0.3402422022772248,-0.29768220359200137,-0.32940768537900034,-0.5022529885586836,-0.5110856845951085,1
-0.14158895247358108,-0.158661197432547,-0.29768220359200137,-0.32940768537900034,-0.5022529885586836,-0.5110856845951085,1
-0.359481023745361,-0.158661197432547,-0.29768220359200137,-0.32940768537900034,-0.5022529885586836,-0.5110856845951085,1
-1.3244316250918151,-0.158661197432547,-0.29768220359200137,-0.32940768537900034,-0.5022529885586836,-0.5110856845951085,1
-0.5151182175109181,-0.158661197432547,-0.29768220359200137,-0.32940768537900034,-0.5022529885586836,-0.5110856845951085,1
0.8856165263790958,-0.17681929791701478,-0.29768220359200137,-0.32940768537900034,-0.5022529885586836,-0.5110856845951085,1
0.5432147000948702,-0.17681929791701478,-0.29768220359200137,-0.32940768537900034,-0.5022529885586836,-0.5110856845951085,1
0.5743421388479817,1.1668801379336007,-0.29768220359200137,-0.32940768537900034,-0.5022529885586836,-0.5110856845951085,1
1.0723811588977643,1.8387298558589085,-0.29768220359200137,-0.32940768537900034,-0.5022529885586836,-0.5110856845951085,1
1.259145791416433,-0.7034042119665803,-0.29768220359200137,-0.32940768537900034,-0.5022529885586836,-0.5110856845951085,1
0.07630311879819889,-0.7034042119665803,-0.29768220359200137,-0.32940768537900034,-0.5022529885586836,-0.5110856845951085,1
1.4770378626882128,-0.7034042119665803,-0.29768220359200137,-0.32940768537900034,-0.5022529885586836,-0.5110856845951085,1
0.231940312563756,-0.7034042119665803,-0.29768220359200137,-0.32940768537900034,-0.5022529885586836,-0.5110856845951085,1
0.8544890876259844,-0.7034042119665803,-0.29768220359200137,-0.32940768537900034,-0.5022529885586836,-0.5110856845951085,1
1.259145791416433,-0.7034042119665803,-0.29768220359200137,-0.32940768537900034,-0.5022529885586836,-0.5110856845951085,1
0.32532262882309027,-0.7034042119665803,-0.29768220359200137,-0.32940768537900034,-0.5022529885586836,-0.5110856845951085,1
-1.978107838907155,-0.7034042119665803,-0.29768220359200137,-0.32940768537900034,-0.5022529885586836,-0.5110856845951085,1
0.5432147000948702,-0.7034042119665803,-0.29768220359200137,-0.32940768537900034,-0.5022529885586836,-0.5110856845951085,1
0.9167439651322072,-0.7034042119665803,-0.29768220359200137,-0.32940768537900034,-0.5022529885586836,-0.5110856845951085,1
1.1035085976508758,-0.7034042119665803,-0.29768220359200137,-0.32940768537900034,-0.5022529885586836,-0.5110856845951085,1
0.9167439651322072,-0.7034042119665803,-0.29768220359200137,-0.32940768537900034,-0.5022529885586836,-0.5110856845951085,1
0.823361648872873,-0.7034042119665803,-0.29768220359200137,-0.32940768537900034,-0.5022529885586836,-0.5110856845951085,1
0.823361648872873,-0.7034042119665803,-0.29768220359200137,-0.32940768537900034,-0.5022529885586836,-0.5110856845951085,1
0.7299793326135388,-0.7034042119665803,-0.29768220359200137,-0.32940768537900034,-0.5022529885586836,-0.5110856845951085,1
0.8544890876259844,-0.7034042119665803,-0.29768220359200137,-0.32940768537900034,-0.5022529885586836,-0.5110856845951085,1
-0.8263926050420324,-0.7034042119665803,-0.29768220359200137,-0.32940768537900034,-0.5022529885586836,-0.5110856845951085,1
0.6054695776010931,-0.7034042119665803,-0.29768220359200137,-0.32940768537900034,-0.5022529885586836,-0.5110856845951085,1
1.1968909139102102,0.3860818171014863,-0.29768220359200137,-0.32940768537900034,-0.5022529885586836,-0.5110856845951085,1
1.259145791416433,0.3860818171014863,-0.29768220359200137,-0.32940768537900034,-0.5022529885586836,-0.5110856845951085,1
0.5432147000948702,0.3860818171014863,-0.29768220359200137,-0.32940768537900034,-0.5022529885586836,-0.5110856845951085,1
1.259145791416433,1.8387298558589085,-0.29768220359200137,-0.32940768537900034,-0.5022529885586836,-0.5110856845951085,1
1.1968909139102102,-0.5218232071219026,-0.29768220359200137,-0.32940768537900034,-0.5022529885586836,-0.5110856845951085,1
0.20081287381064455,-0.5218232071219026,-0.29768220359200137,-0.32940768537900034,-0.5022529885586836,-0.5110856845951085,1
0.4809598225886474,0.022919807412130767,-0.29768220359200137,-0.32940768537900034,-0.5022529885586836,-0.5110856845951085,1
0.7611067713666502,0.022919807412130767,-0.29768220359200137,-0.32940768537900034,-0.5022529885586836,-0.5110856845951085,1
-0.23497126873291535,1.2939868413248752,-0.29768220359200137,-0.32940768537900034,-0.5022529885586836,-0.5110856845951085,1
-0.14158895247358108,1.2939868413248752,-0.29768220359200137,-0.32940768537900034,-0.5022529885586836,-0.5110856845951085,1
0.6365970163542045,0.022919807412130767,-0.29768220359200137,-0.32940768537900034,-0.5022529885586836,-0.5110856845951085,1
0.04517568004508746,0.022919807412130767,-0.29768220359200137,-0.32940768537900034,-0.5022529885586836,-0.5110856845951085,1
-0.23497126873291535,0.022919807412130767,-0.29768220359200137,-0.32940768537900034,-0.5022529885586836,-0.5110856845951085,1
-0.2972261462391382,0.022919807412130767,-0.29768220359200137,-0.32940768537900034,-0.5022529885586836,-0.5110856845951085,1
0.07630311879819889,0.022919807412130767,-0.29768220359200137,-0.32940768537900034,-0.5022529885586836,-0.5110856845951085,1
-0.6085005337702524,0.022919807412130767,-0.29768220359200137,-0.32940768537900034,-0.5022529885586836,-0.5110856845951085,1
-0.3906084624984725,0.022919807412130767,-0.29768220359200137,-0.32940768537900034,-0.5022529885586836,-0.5110856845951085,1
-0.8886474825482552,0.022919807412130767,-0.29768220359200137,-0.32940768537900034,-0.5022529885586836,-0.5110856845951085,1
-0.8886474825482552,0.022919807412130767,-0.29768220359200137,-0.32940768537900034,-0.5022529885586836,-0.5110856845951085,1
-0.04820663621424681,0.022919807412130767,-0.29768220359200137,-0.32940768537900034,-0.5022529885586836,-0.5110856845951085,1
-0.11046151372046965,0.022919807412130767,-0.29768220359200137,-0.32940768537900034,-0.5022529885586836,-0.5110856845951085,1
-0.795265166288921,0.022919807412130767,-0.29768220359200137,-0.32940768537900034,-0.5022529885586836,-0.5110856845951085,1
-0.8575200437951438,0.022919807412130767,-0.29768220359200137,-0.32940768537900034,-0.5022529885586836,-0.5110856845951085,1
-0.795265166288921,0.022919807412130767,-0.29768220359200137,-0.32940768537900034,-0.5022529885586836,-0.5110856845951085,1
-0.6707554112764752,0.022919807412130767,-0.29768220359200137,-0.32940768537900034,-0.5022529885586836,-0.5110856845951085,1
-0.6707554112764752,0.022919807412130767,-0.29768220359200137,-0.32940768537900034,-0.5022529885586836,-0.5110856845951085,1
0.6365970163542045,0.022919807412130767,-0.29768220359200137,-0.32940768537900034,-0.5022529885586836,-0.5110856845951085,1
0.014048241291976035,0.022919807412130767,-0.29768220359200137,-0.32940768537900034,-0.5022529885586836,-0.5110856845951085,1
0.7922342101197616,0.3860818171014863,-0.29768220359200137,-0.32940768537900034,-0.5022529885586836,-0.5110856845951085,1
0.20081287381064455,0.3860818171014863,-0.29768220359200137,-0.32940768537900034,-0.5022529885586836,-0.5110856845951085,1
-1.013157237560701,1.2939868413248752,-0.29768220359200137,-0.32940768537900034,-0.5022529885586836,-0.5110856845951085,1
0.8856165263790958,2.201891865548264,-0.29768220359200137,-0.32940768537900034,-0.5022529885586836,-0.5110856845951085,1
0.3875775063293131,2.201891865548264,-0.29768220359200137,-0.32940768537900034,-0.5022529885586836,-0.5110856845951085,1
-0.017079197461135388,-0.7034042119665803,-0.29768220359200137,-0.32940768537900034,-0.5022529885586836,-0.5110856845951085,1
-2.040362716413378,-0.7034042119665803,-0.29768220359200137,-0.32940768537900034,-0.5022529885586836,-0.5110856845951085,1
-0.07933407496735823,-0.158661197432547,-0.29768220359200137,-0.32940768537900034,-0.5022529885586836,-0.5110856845951085,1
-0.04820663621424681,-0.158661197432547,-0.29768220359200137,-0.32940768537900034,-0.5022529885586836,-0.5110856845951085,1
0.7922342101197616,-0.158661197432547,-0.29768220359200137,-0.32940768537900034,-0.5022529885586836,-0.5110856845951085,1
0.3564500675762017,-0.158661197432547,-0.29768220359200137,-0.32940768537900034,-0.5022529885586836,-0.5110856845951085,1
-0.7330102887826981,-0.158661197432547,-0.29768220359200137,-0.32940768537900034,-0.5022529885586836,-0.5110856845951085,1
0.3875775063293131,-0.158661197432547,-0.29768220359200137,-0.32940768537900034,-0.5022529885586836,-0.5110856845951085,1
0.014048241291976035,-0.158661197432547,-0.29768220359200137,-0.32940768537900034,-0.5022529885586836,-0.5110856845951085,1
0.3564500675762017,-0.158661197432547,-0.29768220359200137,-0.32940768537900034,-0.5022529885586836,-0.5110856845951085,1
0.014048241291976035,0.3860818171014863,-0.29768220359200137,-0.32940768537900034,-0.5022529885586836,-0.5110856845951085,1
0.07630311879819889,4.017701913995042,-0.29768220359200137,-0.32940768537900034,-0.5022529885586836,-0.5110856845951085,1
0.5120872613417587,3.109796889771653,-0.29768220359200137,-0.32940768537900034,-0.5022529885586836,-0.5110856845951085,1
-0.5462456562640295,-0.7034042119665803,-0.29768220359200137,-0.32940768537900034,-0.5022529885586836,-0.5110856845951085,1
-0.3906084624984725,0.022919807412130767,-0.29768220359200137,-0.32940768537900034,-0.5022529885586836,-0.5110856845951085,1
0.20081287381064455,-0.3402422022772248,-0.29768220359200137,-0.32940768537900034,-0.5022529885586836,-0.5110856845951085,1
0.4809598225886474,-0.158661197432547,-0.29768220359200137,-0.32940768537900034,-0.5022529885586836,-0.5110856845951085,1
-0.2038438299798039,-0.158661197432547,-0.29768220359200137,-0.32940768537900034,-0.5022529885586836,-0.5110856845951085,1
0.20081287381064455,-0.158661197432547,-0.29768220359200137,-0.32940768537900034,-0.5022529885586836,-0.5110856845951085,1
0.4187049450824245,-0.158661197432547,-0.29768220359200137,-0.32940768537900034,-0.5022529885586836,-0.5110856845951085,1
0.32532262882309027,-0.158661197432547,-0.29768220359200137,-0.32940768537900034,-0.5022529885586836,-0.5110856845951085,1
-0.577373095017141,-0.158661197432547,-0.29768220359200137,-0.32940768537900034,-0.5022529885586836,-0.5110856845951085,1
-0.577373095017141,-0.158661197432547,-0.29768220359200137,-0.32940768537900034,-0.5022529885586836,-0.5110856845951085,1
1.5081653014413243,-0.158661197432547,-0.29768220359200137,-0.32940768537900034,-0.5022529885586836,-0.5110856845951085,1
1.3836555464288787,-0.158661197432547,-0.29768220359200137,-0.32940768537900034,-0.5022529885586836,-0.5110856845951085,1
1.3836555464288787,-0.158661197432547,-0.29768220359200137,-0.32940768537900034,-0.5022529885586836,-0.5110856845951085,1
-2.1337450326727123,-0.158661197432547,-0.29768220359200137,-0.32940768537900034,-0.5022529885586836,-0.5110856845951085,1
0.5120872613417587,-0.158661197432547,-0.29768220359200137,-0.32940768537900034,-0.5022529885586836,-0.5110856845951085,1
0.3875775063293131,-0.158661197432547,-0.29768220359200137,-0.32940768537900034,-0.5022529885586836,-0.5110856845951085,1
0.04517568004508746,-0.158661197432547,-0.29768220359200137,-0.32940768537900034,-0.5022529885586836,-0.5110856845951085,1
-0.5151182175109181,-0.158661197432547,-0.29768220359200137,-0.32940768537900034,-0.5022529885586836,-0.5110856845951085,1
0.3875775063293131,-0.158661197432547,-0.29768220359200137,-0.32940768537900034,-0.5022529885586836,-0.5110856845951085,1
0.5120872613417587,-0.158661197432547,-0.29768220359200137,-0.32940768537900034,-0.5022529885586836,-0.5110856845951085,1
0.5743421388479817,-0.158661197432547,-0.29768220359200137,-0.32940768537900034,-0.5022529885586836,-0.5110856845951085,1
0.32532262882309027,-0.158661197432547,-0.29768220359200137,-0.32940768537900034,-0.5022529885586836,-0.5110856845951085,1
0.3564500675762017,-0.158661197432547,-0.29768220359200137,-0.32940768537900034,-0.5022529885586836,-0.5110856845951085,1
0.231940312563756,-0.158661197432547,-0.29768220359200137,-0.32940768537900034,-0.5022529885586836,-0.5110856845951085,1
0.3875775063293131,-0.158661197432547,-0.29768220359200137,-0.32940768537900034,-0.5022529885586836,-0.5110856845951085,1
-0.26609870748602676,0.3860818171014863,-0.29768220359200137,-0.32940768537900034,-0.5022529885586836,-0.5110856845951085,1
-0.5462456562640295,0.3860818171014863,-0.29768220359200137,-0.32940768537900034,-0.5022529885586836,-0.5110856845951085,1
0.16968543505753314,0.3860818171014863,-0.29768220359200137,-0.32940768537900034,-0.5022529885586836,-0.5110856845951085,1
0.8856165263790958,0.3860818171014863,-0.29768220359200137,-0.32940768537900034,-0.5022529885586836,-0.5110856845951085,1
1.4459104239351015,0.7492438267908418,-0.29768220359200137,-0.32940768537900034,-0.5022529885586836,-0.5110856845951085,1
0.13855799630442173,0.022919807412130767,-0.29768220359200137,-0.32940768537900034,-0.5022529885586836,-0.5110856845951085,1
-0.2038438299798039,0.022919807412130767,-0.29768220359200137,-0.32940768537900034,-0.5022529885586836,-0.5110856845951085,1
0.32532262882309027,0.022919807412130767,-0.29768220359200137,-0.32940768537900034,-0.5022529885586836,-0.5110856845951085,1
-0.5462456562640295,0.022919807412130767,-0.29768220359200137,-0.32940768537900034,-0.5022529885586836,-0.5110856845951085,1
0.6054695776010931,-0.158661197432547,-0.29768220359200137,-0.32940768537900034,-0.5022529885586836,-0.5110856845951085,1
0.823361648872873,-0.158661197432547,-0.29768220359200137,-0.32940768537900034,-0.5022529885586836,-0.5110856845951085,1
0.6365970163542045,-0.7034042119665803,-0.29768220359200137,-0.32940768537900034,-0.5022529885586836,-0.5110856845951085,1
0.4809598225886474,-0.7034042119665803,-0.29768220359200137,-0.32940768537900034,-0.5022529885586836,-0.5110856845951085,1
0.8544890876259844,-0.7034042119665803,-0.29768220359200137,-0.32940768537900034,-0.5022529885586836,-0.5110856845951085,1
0.3875775063293131,-0.7034042119665803,-0.29768220359200137,-0.32940768537900034,-0.5022529885586836,-0.5110856845951085,1
0.9478714038853187,-0.7034042119665803,-0.29768220359200137,-0.32940768537900034,-0.5022529885586836,-0.5110856845951085,1
-0.2972261462391382,-0.7034042119665803,-0.29768220359200137,-0.32940768537900034,-0.5022529885586836,-0.5110856845951085,1
-0.4217359012515839,-0.7034042119665803,-0.29768220359200137,-0.32940768537900034,-0.5022529885586836,-0.5110856845951085,1
0.26306775131686744,0.9308248316355197,-0.29768220359200137,-0.32940768537900034,-0.5022529885586836,-0.5110856845951085,1
0.4498323838355359,0.9308248316355197,-0.29768220359200137,-0.32940768537900034,-0.5022529885586836,-0.5110856845951085,1
0.6988518938604273,0.9308248316355197,-0.29768220359200137,-0.32940768537900034,-0.5022529885586836,-0.5110856845951085,1
0.3875775063293131,0.9308248316355197,-0.29768220359200137,-0.32940768537900034,-0.5022529885586836,-0.5110856845951085,1
-0.14158895247358108,0.9308248316355197,-0.29768220359200137,-0.32940768537900034,-0.5022529885586836,-0.5110856845951085,1
-0.577373095017141,-0.7034042119665803,-0.29768220359200137,-0.32940768537900034,-0.5022529885586836,-0.5110856845951085,1
-0.07933407496735823,-0.7034042119665803,-0.29768220359200137,-0.32940768537900034,-0.5022529885586836,-0.5110856845951085,1
0.9167439651322072,1.9295203582812472,-0.29768220359200137,-0.32940768537900034,-0.5022529885586836,-0.5110856845951085,1
0.7922342101197616,1.7479393534365695,-0.29768220359200137,-0.32940768537900034,-0.5022529885586836,-0.5110856845951085,1
0.7299793326135388,-0.158661197432547,-0.29768220359200137,-0.32940768537900034,-0.5022529885586836,-0.5110856845951085,1
1.1968909139102102,-0.158661197432547,-0.29768220359200137,-0.32940768537900034,-0.5022529885586836,-0.5110856845951085,1
0.04517568004508746,-0.158661197432547,-0.29768220359200137,-0.32940768537900034,-0.5022529885586836,-0.5110856845951085,1
0.6988518938604273,-0.158661197432547,-0.29768220359200137,-0.32940768537900034,-0.5022529885586836,-0.5110856845951085,1
-0.5462456562640295,-0.7034042119665803,-0.29768220359200137,-0.32940768537900034,-0.5022529885586836,-0.5110856845951085,1
0.014048241291976035,0.022919807412130767,-0.29768220359200137,-0.32940768537900034,-0.5022529885586836,-0.5110856845951085,1
0.7299793326135388,-0.7034042119665803,-0.29768220359200137,-0.32940768537900034,-0.5022529885586836,-0.5110856845951085,1
-0.7330102887826981,2.201891865548264,-0.29768220359200137,-0.32940768537900034,-0.5022529885586836,-0.5110856845951085,1
-1.3555590638449266,2.201891865548264,-0.29768220359200137,-0.32940768537900034,-0.5022529885586836,-0.5110856845951085,1
-0.7330102887826981,2.201891865548264,-0.29768220359200137,-0.32940768537900034,-0.5022529885586836,-0.5110856845951085,1
-1.8847255226478208,2.201891865548264,-0.29768220359200137,-0.32940768537900034,-0.5022529885586836,-0.5110856845951085,1
-0.11046151372046965,2.201891865548264,-0.29768220359200137,-0.32940768537900034,-0.5022529885586836,-0.5110856845951085,1
-1.1999218700793695,2.201891865548264,-0.29768220359200137,-0.32940768537900034,-0.5022529885586836,-0.5110856845951085,1
-1.106539553820035,2.201891865548264,-0.29768220359200137,-0.32940768537900034,-0.5022529885586836,-0.5110856845951085,1
0.6054695776010931,2.201891865548264,-0.29768220359200137,-0.32940768537900034,-0.5022529885586836,-0.5110856845951085,1
-0.23497126873291535,2.201891865548264,-0.29768220359200137,-0.32940768537900034,-0.5022529885586836,-0.5110856845951085,1
0.32532262882309027,2.201891865548264,-0.29768220359200137,-0.32940768537900034,-0.5022529885586836,-0.5110856845951085,1
0.6677244551073159,-0.158661197432547,-0.29768220359200137,-0.32940768537900034,-0.5022529885586836,-0.5110856845951085,1
-0.017079197461135388,-0.7034042119665803,-0.29768220359200137,-0.32940768537900034,-0.5022529885586836,-0.5110856845951085,1
-0.017079197461135388,0.3860818171014863,-0.29768220359200137,-0.32940768537900034,-0.5022529885586836,-0.5110856845951085,1
-2.631784052722495,-0.17681929791701478,-0.29768220359200137,-0.32940768537900034,-0.5022529885586836,-0.5110856845951085,1
0.823361648872873,-0.17681929791701478,-0.29768220359200137,-0.32940768537900034,-0.5022529885586836,-0.5110856845951085,1
0.5432147000948702,-0.17681929791701478,-0.29768220359200137,-0.32940768537900034,-0.5022529885586836,-0.5110856845951085,1
0.9167439651322072,-0.158661197432547,-0.29768220359200137,-0.32940768537900034,-0.5022529885586836,-0.5110856845951085,1
-2.631784052722495,0.3860818171014863,-0.29768220359200137,-0.32940768537900034,-0.5022529885586836,-0.5110856845951085,1
0.6677244551073159,-0.7034042119665803,-0.29768220359200137,-0.32940768537900034,-0.5022529885586836,-0.5110856845951085,1
0.5743421388479817,-0.7034042119665803,-0.29768220359200137,-0.32940768537900034,-0.5022529885586836,-0.5110856845951085,1
-0.4528633400046953,2.201891865548264,-0.29768220359200137,-0.32940768537900034,-0.5022529885586836,-0.5110856845951085,1
0.13855799630442173,2.201891865548264,-0.29768220359200137,-0.32940768537900034,-0.5022529885586836,-0.5110856845951085,1
0.26306775131686744,2.201891865548264,-0.29768220359200137,-0.32940768537900034,-0.5022529885586836,-0.5110856845951085,1
1.0101262813915415,2.201891865548264,-0.29768220359200137,-0.32940768537900034,-0.5022529885586836,-0.5110856845951085,1
1.041253720144653,2.201891865548264,-0.29768220359200137,-0.32940768537900034,-0.5022529885586836,-0.5110856845951085,1
-0.1727163912266925,2.201891865548264,-0.29768220359200137,-0.32940768537900034,-0.5022529885586836,-0.5110856845951085,1
1.0101262813915415,2.201891865548264,-0.29768220359200137,-0.32940768537900034,-0.5022529885586836,-0.5110856845951085,1
-0.14158895247358108,2.201891865548264,-0.29768220359200137,-0.32940768537900034,-0.5022529885586836,-0.5110856845951085,1
0.29419519006997885,2.201891865548264,-0.29768220359200137,-0.32940768537900034,-0.5022529885586836,-0.5110856845951085,1
0.07630311879819889,2.201891865548264,-0.29768220359200137,-0.32940768537900034,-0.5022529885586836,-0.5110856845951085,1
-1.7290883288822636,2.201891865548264,-0.29768220359200137,-0.32940768537900034,-0.5022529885586836,-0.5110856845951085,1
-0.4839907787578067,2.201891865548264,-0.29768220359200137,-0.32940768537900034,-0.5022529885586836,-0.5110856845951085,1
0.7299793326135388,2.201891865548264,-0.29768220359200137,-0.32940768537900034,-0.5022529885586836,-0.5110856845951085,1
-0.2038438299798039,2.201891865548264,-0.29768220359200137,-0.32940768537900034,-0.5022529885586836,-0.5110856845951085,1
-0.4528633400046953,2.5650538752376195,-0.29768220359200137,-0.32940768537900034,-0.5022529885586836,-0.5110856845951085,1
-0.2972261462391382,2.5650538752376195,-0.29768220359200137,-0.32940768537900034,-0.5022529885586836,-0.5110856845951085,1
-0.017079197461135388,2.5650538752376195,-0.29768220359200137,-0.32940768537900034,-0.5022529885586836,-0.5110856845951085,1
0.04517568004508746,2.5650538752376195,-0.29768220359200137,-0.32940768537900034,-0.5022529885586836,-0.5110856845951085,1
0.04517568004508746,2.5650538752376195,-0.29768220359200137,-0.32940768537900034,-0.5022529885586836,-0.5110856845951085,1
0.29419519006997885,2.5650538752376195,-0.29768220359200137,-0.32940768537900034,-0.5022529885586836,-0.5110856845951085,1
-0.23497126873291535,2.5650538752376195,-0.29768220359200137,-0.32940768537900034,-0.5022529885586836,-0.5110856845951085,1
0.16968543505753314,2.5650538752376195,-0.29768220359200137,-0.32940768537900034,-0.5022529885586836,-0.5110856845951085,1
0.6054695776010931,2.5650538752376195,-0.29768220359200137,-0.32940768537900034,-0.5022529885586836,-0.5110856845951085,1
-0.017079197461135388,2.5650538752376195,-0.29768220359200137,-0.32940768537900034,-0.5022529885586836,-0.5110856845951085,1
0.6054695776010931,2.5650538752376195,-0.29768220359200137,-0.32940768537900034,-0.5022529885586836,-0.5110856845951085,1
0.8856165263790958,2.5650538752376195,-0.29768220359200137,-0.32940768537900034,-0.5022529885586836,-0.5110856845951085,1
0.8856165263790958,2.5650538752376195,-0.29768220359200137,-0.32940768537900034,-0.5022529885586836,-0.5110856845951085,1
0.8544890876259844,2.5650538752376195,-0.29768220359200137,-0.32940768537900034,-0.5022529885586836,-0.5110856845951085,1
0.32532262882309027,-0.158661197432547,-0.29768220359200137,-0.32940768537900034,-0.5022529885586836,-0.5110856845951085,1
1.0101262813915415,-0.158661197432547,-0.29768220359200137,-0.32940768537900034,-0.5022529885586836,-0.5110856845951085,1
-0.3906084624984725,1.1124058364801974,-0.29768220359200137,-0.32940768537900034,-0.5022529885586836,-0.5110856845951085,1
0.32532262882309027,-0.7034042119665803,-0.29768220359200137,-0.32940768537900034,-0.5022529885586836,-0.5110856845951085,1
2.9089000453313383,-0.7034042119665803,-0.29768220359200137,-0.32940768537900034,-0.5022529885586836,-0.5110856845951085,1
1.3525281076757671,-0.7034042119665803,-0.29768220359200137,-0.32940768537900034,-0.5022529885586836,-0.5110856845951085,1
1.2280183526633215,-0.7034042119665803,-0.29768220359200137,-0.32940768537900034,-0.5022529885586836,-0.5110856845951085,1
0.5743421388479817,-0.7034042119665803,-0.29768220359200137,-0.32940768537900034,-0.5022529885586836,-0.5110856845951085,1
0.231940312563756,-0.7034042119665803,-0.29768220359200137,-0.32940768537900034,-0.5022529885586836,-0.5110856845951085,1
0.04517568004508746,-0.7034042119665803,-0.29768220359200137,-0.32940768537900034,-0.5022529885586836,-0.5110856845951085,1
0.29419519006997885,-0.7034042119665803,-0.29768220359200137,-0.32940768537900034,-0.5022529885586836,-0.5110856845951085,1
0.6054695776010931,-0.7034042119665803,-0.29768220359200137,-0.32940768537900034,-0.5022529885586836,-0.5110856845951085,1
0.6365970163542045,-0.7034042119665803,-0.29768220359200137,-0.32940768537900034,-0.5022529885586836,-0.5110856845951085,1
0.26306775131686744,-0.7034042119665803,-0.29768220359200137,-0.32940768537900034,-0.5022529885586836,-0.5110856845951085,1
0.26306775131686744,-0.7034042119665803,-0.29768220359200137,-0.32940768537900034,-0.5022529885586836,-0.5110856845951085,1
0.6677244551073159,-0.7034042119665803,-0.29768220359200137,-0.32940768537900034,-0.5022529885586836,-0.5110856845951085,1
0.6054695776010931,-0.7034042119665803,-0.29768220359200137,-0.32940768537900034,-0.5022529885586836,-0.5110856845951085,1
-0.23497126873291535,-0.7034042119665803,-0.29768220359200137,-0.32940768537900034,-0.5022529885586836,-0.5110856845951085,1
0.6054695776010931,-0.7034042119665803,-0.29768220359200137,-0.32940768537900034,-0.5022529885586836,-0.5110856845951085,1
-0.9820297988075894,-0.7034042119665803,-0.29768220359200137,-0.32940768537900034,-0.5022529885586836,-0.5110856845951085,1
0.823361648872873,-0.7034042119665803,-0.29768220359200137,-0.32940768537900034,-0.5022529885586836,-0.5110856845951085,1
0.04517568004508746,-0.7034042119665803,-0.29768220359200137,-0.32940768537900034,-0.5022529885586836,-0.5110856845951085,1
0.7922342101197616,-0.7034042119665803,-0.29768220359200137,-0.32940768537900034,-0.5022529885586836,-0.5110856845951085,1
-0.07933407496735823,-0.7034042119665803,-0.29768220359200137,-0.32940768537900034,-0.5022529885586836,-0.5110856845951085,1
0.6365970163542045,-0.7034042119665803,-0.29768220359200137,-0.32940768537900034,-0.5022529885586836,-0.5110856845951085,1
-0.7330102887826981,-0.7034042119665803,-0.29768220359200137,-0.32940768537900034,-0.5022529885586836,-0.5110856845951085,1
-0.2972261462391382,-0.7034042119665803,-0.29768220359200137,-0.32940768537900034,-0.5022529885586836,-0.5110856845951085,1
1.041253720144653,-0.17681929791701478,-0.29768220359200137,-0.32940768537900034,-0.5022529885586836,-0.5110856845951085,1
-0.6707554112764752,0.3860818171014863,-0.29768220359200137,-0.32940768537900034,-0.5022529885586836,-0.5110856845951085,1
0.6054695776010931,-0.7034042119665803,-0.29768220359200137,-0.32940768537900034,-0.5022529885586836,-0.5110856845951085,1
0.9789988426384302,-0.7034042119665803,-0.29768220359200137,-0.32940768537900034,-0.5022529885586836,-0.5110856845951085,1
0.6988518938604273,-0.7034042119665803,-0.29768220359200137,-0.32940768537900034,-0.5022529885586836,-0.5110856845951085,1
1.1346360364039871,-0.7034042119665803,-0.29768220359200137,-0.32940768537900034,-0.5022529885586836,-0.5110856845951085,1
1.1346360364039871,-0.7034042119665803,-0.29768220359200137,-0.32940768537900034,-0.5022529885586836,-0.5110856845951085,1
-0.359481023745361,4.017701913995042,-0.29768220359200137,-0.32940768537900034,-0.5022529885586836,-0.5110856845951085,1
-0.1727163912266925,4.017701913995042,-0.29768220359200137,-0.32940768537900034,-0.5022529885586836,-0.5110856845951085,1
0.6054695776010931,0.3860818171014863,-0.29768220359200137,-0.32940768537900034,-0.5022529885586836,-0.5110856845951085,1
2.6287530965533357,-0.7034042119665803,-0.29768220359200137,-0.32940768537900034,-0.5022529885586836,-0.5110856845951085,1
0.6054695776010931,-0.7034042119665803,-0.29768220359200137,-0.32940768537900034,-0.5022529885586836,-0.5110856845951085,1
0.6988518938604273,-0.158661197432547,-0.29768220359200137,-0.32940768537900034,-0.5022529885586836,-0.5110856845951085,1
0.16968543505753314,-0.158661197432547,-0.29768220359200137,-0.32940768537900034,-0.5022529885586836,-0.5110856845951085,1
0.04517568004508746,-0.158661197432547,-0.29768220359200137,-0.32940768537900034,-0.5022529885586836,-0.5110856845951085,1
0.014048241291976035,-0.158661197432547,-0.29768220359200137,-0.32940768537900034,-0.5022529885586836,-0.5110856845951085,1
0.8856165263790958,-0.158661197432547,-0.29768220359200137,-0.32940768537900034,-0.5022529885586836,-0.5110856845951085,1
0.9167439651322072,-0.158661197432547,-0.29768220359200137,-0.32940768537900034,-0.5022529885586836,-0.5110856845951085,1
0.3875775063293131,-0.158661197432547,-0.29768220359200137,-0.32940768537900034,-0.5022529885586836,-0.5110856845951085,1
0.6054695776010931,-0.158661197432547,-0.29768220359200137,-0.32940768537900034,-0.5022529885586836,-0.5110856845951085,1
-0.26609870748602676,-0.158661197432547,-0.29768220359200137,-0.32940768537900034,-0.5022529885586836,-0.5110856845951085,1
0.26306775131686744,-0.158661197432547,-0.29768220359200137,-0.32940768537900034,-0.5022529885586836,-0.5110856845951085,1
0.5432147000948702,-0.158661197432547,-0.29768220359200137,-0.32940768537900034,-0.5022529885586836,-0.5110856845951085,1
0.20081287381064455,-0.158661197432547,-0.29768220359200137,-0.32940768537900034,-0.5022529885586836,-0.5110856845951085,1
1.041253720144653,0.9308248316355197,-0.29768220359200137,-0.32940768537900034,-0.5022529885586836,-0.5110856845951085,1
0.6988518938604273,1.7479393534365695,-0.29768220359200137,-0.32940768537900034,-0.5022529885586836,-0.5110856845951085,1
0.7611067713666502,1.7479393534365695,-0.29768220359200137,-0.32940768537900034,-0.5022529885586836,-0.5110856845951085,1
0.6988518938604273,1.7479393534365695,-0.29768220359200137,-0.32940768537900034,-0.5022529885586836,-0.5110856845951085,1
0.5120872613417587,1.7479393534365695,-0.29768220359200137,-0.32940768537900034,-0.5022529885586836,-0.5110856845951085,1
0.7611067713666502,-0.5218232071219026,-0.29768220359200137,-0.32940768537900034,-0.5022529885586836,-0.5110856845951085,1
0.8544890876259844,-0.5218232071219026,-0.29768220359200137,-0.32940768537900034,-0.5022529885586836,-0.5110856845951085,1
1.041253720144653,-0.5218232071219026,-0.29768220359200137,-0.32940768537900034,-0.5022529885586836,-0.5110856845951085,1
1.041253720144653,-0.5218232071219026,-0.29768220359200137,-0.32940768537900034,-0.5022529885586836,-0.5110856845951085,1
1.0723811588977643,-0.5218232071219026,-0.29768220359200137,-0.32940768537900034,-0.5022529885586836,-0.5110856845951085,1
0.9789988426384302,-0.5218232071219026,-0.29768220359200137,-0.32940768537900034,-0.5022529885586836,-0.5110856845951085,1
1.0723811588977643,-0.5218232071219026,-0.29768220359200137,-0.32940768537900034,-0.5022529885586836,-0.5110856845951085,1
1.1346360364039871,-0.5218232071219026,-0.29768220359200137,-0.32940768537900034,-0.5022529885586836,-0.5110856845951085,1
0.3564500675762017,-0.7034042119665803,-0.29768220359200137,-0.32940768537900034,-0.5022529885586836,-0.5110856845951085,1
0.3564500675762017,-0.7034042119665803,-0.29768220359200137,-0.32940768537900034,-0.5022529885586836,-0.5110856845951085,1
0.014048241291976035,-0.7034042119665803,-0.29768220359200137,-0.32940768537900034,-0.5022529885586836,-0.5110856845951085,1
-0.017079197461135388,-0.7034042119665803,-0.29768220359200137,-0.32940768537900034,-0.5022529885586836,-0.5110856845951085,1
0.3875775063293131,-0.7034042119665803,-0.29768220359200137,-0.32940768537900034,-0.5022529885586836,-0.5110856845951085,1
0.9167439651322072,-0.7034042119665803,-0.29768220359200137,-0.32940768537900034,-0.5022529885586836,-0.5110856845951085,1
0.3564500675762017,-0.7034042119665803,-0.29768220359200137,-0.32940768537900034,-0.5022529885586836,-0.5110856845951085,1
0.3564500675762017,-0.7034042119665803,-0.29768220359200137,-0.32940768537900034,-0.5022529885586836,-0.5110856845951085,1
0.8856165263790958,-0.7034042119665803,-0.29768220359200137,-0.32940768537900034,-0.5022529885586836,-0.5110856845951085,1
0.9167439651322072,-0.7034042119665803,-0.29768220359200137,-0.32940768537900034,-0.5022529885586836,-0.5110856845951085,1
0.8544890876259844,-0.7034042119665803,-0.29768220359200137,-0.32940768537900034,-0.5022529885586836,-0.5110856845951085,1
0.6365970163542045,-0.7034042119665803,-0.29768220359200137,-0.32940768537900034,-0.5022529885586836,-0.5110856845951085,1
0.07630311879819889,-0.7034042119665803,-0.29768220359200137,-0.32940768537900034,-0.5022529885586836,-0.5110856845951085,1
0.6988518938604273,-0.7034042119665803,-0.29768220359200137,-0.32940768537900034,-0.5022529885586836,-0.5110856845951085,1
0.6677244551073159,0.3860818171014863,-0.29768220359200137,-0.32940768537900034,-0.5022529885586836,-0.5110856845951085,1
1.041253720144653,0.3860818171014863,-0.29768220359200137,-0.32940768537900034,-0.5022529885586836,-0.5110856845951085,1
0.3564500675762017,0.3860818171014863,-0.29768220359200137,-0.32940768537900034,-0.5022529885586836,-0.5110856845951085,1
0.5120872613417587,0.7492438267908418,-0.29768220359200137,-0.32940768537900034,-0.5022529885586836,-0.5110856845951085,1
-1.3244316250918151,0.7492438267908418,-0.29768220359200137,-0.32940768537900034,-0.5022529885586836,-0.5110856845951085,1
0.6054695776010931,0.7492438267908418,-0.29768220359200137,-0.32940768537900034,-0.5022529885586836,-0.5110856845951085,1
0.231940312563756,0.7492438267908418,-0.29768220359200137,-0.32940768537900034,-0.5022529885586836,-0.5110856845951085,1
1.0101262813915415,-0.5218232071219026,-0.29768220359200137,-0.32940768537900034,-0.5022529885586836,-0.5110856845951085,1
-0.1727163912266925,4.017701913995042,-0.29768220359200137,-0.32940768537900034,-0.5022529885586836,-0.5110856845951085,1
0.07630311879819889,4.017701913995042,-0.29768220359200137,-0.32940768537900034,-0.5022529885586836,-0.5110856845951085,1
-0.14158895247358108,4.017701913995042,-0.29768220359200137,-0.32940768537900034,-0.5022529885586836,-0.5110856845951085,1
-0.1727163912266925,4.017701913995042,-0.29768220359200137,-0.32940768537900034,-0.5022529885586836,-0.5110856845951085,1
-0.23497126873291535,4.017701913995042,-0.29768220359200137,-0.32940768537900034,-0.5022529885586836,-0.5110856845951085,1
-0.14158895247358108,4.017701913995042,-0.29768220359200137,-0.32940768537900034,-0.5022529885586836,-0.5110856845951085,1
0.07630311879819889,4.017701913995042,-0.29768220359200137,-0.32940768537900034,-0.5022529885586836,-0.5110856845951085,1
-0.11046151372046965,4.017701913995042,-0.29768220359200137,-0.32940768537900034,-0.5022529885586836,-0.5110856845951085,1
0.04517568004508746,4.017701913995042,-0.29768220359200137,-0.32940768537900034,-0.5022529885586836,-0.5110856845951085,1
0.04517568004508746,4.017701913995042,-0.29768220359200137,-0.32940768537900034,-0.5022529885586836,-0.5110856845951085,1
0.5432147000948702,0.3860818171014863,-0.29768220359200137,-0.32940768537900034,-0.5022529885586836,-0.5110856845951085,1
0.6988518938604273,0.7492438267908418,-0.29768220359200137,-0.32940768537900034,-0.5022529885586836,-0.5110856845951085,1
-1.013157237560701,1.1668801379336007,-0.29768220359200137,-0.32940768537900034,-0.5022529885586836,-0.5110856845951085,1
1.1346360364039871,-0.3402422022772248,-0.29768220359200137,-0.32940768537900034,-0.5022529885586836,-0.5110856845951085,1
0.5120872613417587,1.7479393534365695,-0.29768220359200137,-0.32940768537900034,-0.5022529885586836,-0.5110856845951085,1
1.2280183526633215,-0.7034042119665803,-0.29768220359200137,-0.32940768537900034,-0.5022529885586836,-0.5110856845951085,1
0.6988518938604273,-0.7034042119665803,-0.29768220359200137,-0.32940768537900034,-0.5022529885586836,-0.5110856845951085,1
0.20081287381064455,0.3860818171014863,-0.29768220359200137,-0.32940768537900034,-0.5022529885586836,-0.5110856845951085,1
0.5743421388479817,0.3860818171014863,-0.29768220359200137,-0.32940768537900034,-0.5022529885586836,-0.5110856845951085,1
-0.6396279725233638,2.4016309708774095,-0.29768220359200137,-0.32940768537900034,-0.5022529885586836,-0.5110856845951085,1
0.6677244551073159,0.9308248316355197,-0.29768220359200137,-0.32940768537900034,-0.5022529885586836,-0.5110856845951085,1
0.1074305575513103,1.7479393534365695,-0.29768220359200137,-0.32940768537900034,-0.5022529885586836,-0.5110856845951085,1
0.5743421388479817,0.3860818171014863,-0.29768220359200137,-0.32940768537900034,-0.5022529885586836,-0.5110856845951085,1
0.6054695776010931,-0.158661197432547,-0.29768220359200137,-0.32940768537900034,-0.5022529885586836,-0.5110856845951085,1
0.13855799630442173,-0.7034042119665803,-0.29768220359200137,-0.32940768537900034,-0.5022529885586836,-0.5110856845951085,1
-1.7290883288822636,4.017701913995042,-0.29768220359200137,-0.32940768537900034,-0.5022529885586836,-0.5110856845951085,1
-1.604578573869818,4.017701913995042,-0.29768220359200137,-0.32940768537900034,-0.5022529885586836,-0.5110856845951085,1
-1.5111962576104836,4.017701913995042,-0.29768220359200137,-0.32940768537900034,-0.5022529885586836,-0.5110856845951085,1
2.379733586528444,2.201891865548264,-0.29768220359200137,-0.32940768537900034,-0.5022529885586836,-0.5110856845951085,1
0.7922342101197616,2.201891865548264,-0.29768220359200137,-0.32940768537900034,-0.5022529885586836,-0.5110856845951085,1
3.313556749121787,2.201891865548264,-0.29768220359200137,-0.32940768537900034,-0.5022529885586836,-0.5110856845951085,1
3.2824293103686752,2.201891865548264,-0.29768220359200137,-0.32940768537900034,-0.5022529885586836,-0.5110856845951085,1
2.9400274840844496,2.201891865548264,-0.29768220359200137,-0.32940768537900034,-0.5022529885586836,-0.5110856845951085,1
2.7221354128126696,2.201891865548264,-0.29768220359200137,-0.32940768537900034,-0.5022529885586836,-0.5110856845951085,1
1.9439494439848841,2.201891865548264,-0.29768220359200137,-0.32940768537900034,-0.5022529885586836,-0.5110856845951085,1
2.815517729072004,2.201891865548264,-0.29768220359200137,-0.32940768537900034,-0.5022529885586836,-0.5110856845951085,1
2.9400274840844496,2.201891865548264,-0.29768220359200137,-0.32940768537900034,-0.5022529885586836,-0.5110856845951085,1
2.5664982190471126,2.201891865548264,-0.29768220359200137,-0.32940768537900034,-0.5022529885586836,-0.5110856845951085,1
2.7221354128126696,2.201891865548264,-0.29768220359200137,-0.32940768537900034,-0.5022529885586836,-0.5110856845951085,1
2.3486061477753326,2.201891865548264,-0.29768220359200137,-0.32940768537900034,-0.5022529885586836,-0.5110856845951085,1
2.06845919899733,0.3860818171014863,-0.29768220359200137,-0.32940768537900034,-0.5022529885586836,-0.5110856845951085,1
2.7532628515657813,0.3860818171014863,-0.29768220359200137,-0.32940768537900034,-0.5022529885586836,-0.5110856845951085,1
2.4108610252815557,0.3860818171014863,-0.29768220359200137,-0.32940768537900034,-0.5022529885586836,-0.5110856845951085,1
1.5081653014413243,0.3860818171014863,-0.29768220359200137,-0.32940768537900034,-0.5022529885586836,-0.5110856845951085,1
3.3446841878748983,0.3860818171014863,-0.29768220359200137,-0.32940768537900034,-0.5022529885586836,-0.5110856845951085,1
2.06845919899733,0.3860818171014863,-0.29768220359200137,-0.32940768537900034,-0.5022529885586836,-0.5110856845951085,1
2.4108610252815557,0.3860818171014863,-0.29768220359200137,-0.32940768537900034,-0.5022529885586836,-0.5110856845951085,1
2.1307140765035526,0.3860818171014863,-0.29768220359200137,-0.32940768537900034,-0.5022529885586836,-0.5110856845951085,1
1.8816945664786613,0.3860818171014863,-0.29768220359200137,-0.32940768537900034,-0.5022529885586836,-0.5110856845951085,1
2.379733586528444,0.3860818171014863,-0.29768220359200137,-0.32940768537900034,-0.5022529885586836,-0.5110856845951085,1
1.5704201789475472,0.3860818171014863,-0.29768220359200137,-0.32940768537900034,-0.5022529885586836,-0.5110856845951085,1
1.4770378626882128,0.3860818171014863,-0.29768220359200137,-0.32940768537900034,-0.5022529885586836,-0.5110856845951085,1
1.85056712772555,0.3860818171014863,-0.29768220359200137,-0.32940768537900034,-0.5022529885586836,-0.5110856845951085,1
1.5704201789475472,0.3860818171014863,-0.29768220359200137,-0.32940768537900034,-0.5022529885586836,-0.5110856845951085,1
1.8816945664786613,0.3860818171014863,-0.29768220359200137,-0.32940768537900034,-0.5022529885586836,-0.5110856845951085,1
2.0373317602442187,0.3860818171014863,-0.29768220359200137,-0.32940768537900034,-0.5022529885586836,-0.5110856845951085,1
-1.386686502598038,-0.158661197432547,-0.29768220359200137,-0.32940768537900034,-0.5022529885586836,-0.5110856845951085,1
0.5432147000948702,-0.158661197432547,-0.29768220359200137,-0.32940768537900034,-0.5022529885586836,-0.5110856845951085,1
-1.386686502598038,-0.158661197432547,-0.29768220359200137,-0.32940768537900034,-0.5022529885586836,-0.5110856845951085,1
-0.14158895247358108,-0.158661197432547,-0.29768220359200137,-0.32940768537900034,-0.5022529885586836,-0.5110856845951085,1
-0.8886474825482552,-0.158661197432547,-0.29768220359200137,-0.32940768537900034,-0.5022529885586836,-0.5110856845951085,1
-0.3906084624984725,-0.158661197432547,-0.29768220359200137,-0.32940768537900034,-0.5022529885586836,-0.5110856845951085,1
-1.7602157676353751,-0.158661197432547,-0.29768220359200137,-0.32940768537900034,-0.5022529885586836,-0.5110856845951085,1
-1.8847255226478208,-0.158661197432547,-0.29768220359200137,-0.32940768537900034,-0.5022529885586836,-0.5110856845951085,1
-2.195999910178935,-0.158661197432547,-0.29768220359200137,-0.32940768537900034,-0.5022529885586836,-0.5110856845951085,1
0.07630311879819889,-0.158661197432547,-0.29768220359200137,-0.32940768537900034,-0.5022529885586836,-0.5110856845951085,1
-0.23497126873291535,-0.158661197432547,-0.29768220359200137,-0.32940768537900034,-0.5022529885586836,-0.5110856845951085,1
-0.14158895247358108,-0.158661197432547,-0.29768220359200137,-0.32940768537900034,-0.5022529885586836,-0.5110856845951085,1
0.32532262882309027,-0.158661197432547,-0.29768220359200137,-0.32940768537900034,-0.5022529885586836,-0.5110856845951085,1
0.4498323838355359,-0.158661197432547,-0.29768220359200137,-0.32940768537900034,-0.5022529885586836,-0.5110856845951085,1
0.014048241291976035,-0.158661197432547,-0.29768220359200137,-0.32940768537900034,-0.5022529885586836,-0.5110856845951085,1
-1.013157237560701,-0.158661197432547,-0.29768220359200137,-0.32940768537900034,-0.5022529885586836,-0.5110856845951085,1
-0.14158895247358108,-0.158661197432547,-0.29768220359200137,-0.32940768537900034,-0.5022529885586836,-0.5110856845951085,1
-0.6085005337702524,-0.158661197432547,-0.29768220359200137,-0.32940768537900034,-0.5022529885586836,-0.5110856845951085,1
-0.1727163912266925,-0.158661197432547,-0.29768220359200137,-0.32940768537900034,-0.5022529885586836,-0.5110856845951085,1
0.5432147000948702,-0.158661197432547,-0.29768220359200137,-0.32940768537900034,-0.5022529885586836,-0.5110856845951085,1
0.4809598225886474,-0.158661197432547,-0.29768220359200137,-0.32940768537900034,-0.5022529885586836,-0.5110856845951085,1
-0.017079197461135388,-0.158661197432547,-0.29768220359200137,-0.32940768537900034,-0.5022529885586836,-0.5110856845951085,1
0.3875775063293131,-0.158661197432547,-0.29768220359200137,-0.32940768537900034,-0.5022529885586836,-0.5110856845951085,1
0.231940312563756,-0.158661197432547,-0.29768220359200137,-0.32940768537900034,-0.5022529885586836,-0.5110856845951085,1
0.5120872613417587,-0.158661197432547,-0.29768220359200137,-0.32940768537900034,-0.5022529885586836,-0.5110856845951085,1
1.1346360364039871,-0.17681929791701478,-0.29768220359200137,-0.32940768537900034,-0.5022529885586836,-0.5110856845951085,1
0.5120872613417587,-0.17681929791701478,-0.29768220359200137,-0.32940768537900034,-0.5022529885586836,-0.5110856845951085,1
1.1657634751570987,-0.17681929791701478,-0.29768220359200137,-0.32940768537900034,-0.5022529885586836,-0.5110856845951085,1
0.7922342101197616,-0.17681929791701478,-0.29768220359200137,-0.32940768537900034,-0.5022529885586836,-0.5110856845951085,1
0.6988518938604273,-0.17681929791701478,-0.29768220359200137,-0.32940768537900034,-0.5022529885586836,-0.5110856845951085,1
0.8544890876259844,-0.17681929791701478,-0.29768220359200137,-0.32940768537900034,-0.5022529885586836,-0.5110856845951085,1
0.9478714038853187,-0.17681929791701478,-0.29768220359200137,-0.32940768537900034,-0.5022529885586836,-0.5110856845951085,1
-0.6396279725233638,1.2939868413248752,-0.29768220359200137,-0.32940768537900034,-0.5022529885586836,-0.5110856845951085,1
-1.0442846763138123,1.2939868413248752,-0.29768220359200137,-0.32940768537900034,-0.5022529885586836,-0.5110856845951085,1
-1.5423236963635951,1.2939868413248752,-0.29768220359200137,-0.32940768537900034,-0.5022529885586836,-0.5110856845951085,1
-1.5423236963635951,1.2939868413248752,-0.29768220359200137,-0.32940768537900034,-0.5022529885586836,-0.5110856845951085,1
1.041253720144653,1.1668801379336007,-0.29768220359200137,-0.32940768537900034,-0.5022529885586836,-0.5110856845951085,1
0.8544890876259844,1.1668801379336007,-0.29768220359200137,-0.32940768537900034,-0.5022529885586836,-0.5110856845951085,1
0.6365970163542045,1.1668801379336007,-0.29768220359200137,-0.32940768537900034,-0.5022529885586836,-0.5110856845951085,1
0.8856165263790958,0.3860818171014863,-0.29768220359200137,-0.32940768537900034,-0.5022529885586836,-0.5110856845951085,1
0.7611067713666502,0.3860818171014863,-0.29768220359200137,-0.32940768537900034,-0.5022529885586836,-0.5110856845951085,1
0.9789988426384302,0.3860818171014863,-0.29768220359200137,-0.32940768537900034,-0.5022529885586836,-0.5110856845951085,1
0.9167439651322072,0.3860818171014863,-0.29768220359200137,-0.32940768537900034,-0.5022529885586836,-0.5110856845951085,1
0.20081287381064455,0.3860818171014863,-0.29768220359200137,-0.32940768537900034,-0.5022529885586836,-0.5110856845951085,1
0.6054695776010931,0.3860818171014863,-0.29768220359200137,-0.32940768537900034,-0.5022529885586836,-0.5110856845951085,1
0.9167439651322072,1.1668801379336007,-0.29768220359200137,-0.32940768537900034,-0.5022529885586836,-0.5110856845951085,1
0.823361648872873,1.1668801379336007,-0.29768220359200137,-0.32940768537900034,-0.5022529885586836,-0.5110856845951085,1
0.7922342101197616,1.1668801379336007,-0.29768220359200137,-0.32940768537900034,-0.5022529885586836,-0.5110856845951085,1
0.5432147000948702,1.1668801379336007,-0.29768220359200137,-0.32940768537900034,-0.5022529885586836,-0.5110856845951085,1
0.7611067713666502,1.1668801379336007,-0.29768220359200137,-0.32940768537900034,-0.5022529885586836,-0.5110856845951085,1
0.823361648872873,1.1668801379336007,-0.29768220359200137,-0.32940768537900034,-0.5022529885586836,-0.5110856845951085,1
0.9167439651322072,1.1668801379336007,-0.29768220359200137,-0.32940768537900034,-0.5022529885586836,-0.5110856845951085,1
1.2280183526633215,0.9308248316355197,-0.29768220359200137,-0.32940768537900034,-0.5022529885586836,-0.5110856845951085,1
1.0101262813915415,-0.7034042119665803,-0.29768220359200137,-0.32940768537900034,-0.5022529885586836,-0.5110856845951085,1
1.2280183526633215,-0.7034042119665803,-0.29768220359200137,-0.32940768537900034,-0.5022529885586836,-0.5110856845951085,1
1.041253720144653,-0.7034042119665803,-0.29768220359200137,-0.32940768537900034,-0.5022529885586836,-0.5110856845951085,1
1.1035085976508758,-0.7034042119665803,-0.29768220359200137,-0.32940768537900034,-0.5022529885586836,-0.5110856845951085,1
1.2280183526633215,-0.7034042119665803,-0.29768220359200137,-0.32940768537900034,-0.5022529885586836,-0.5110856845951085,1
1.1657634751570987,-0.7034042119665803,-0.29768220359200137,-0.32940768537900034,-0.5022529885586836,-0.5110856845951085,1
1.259145791416433,-0.7034042119665803,-0.29768220359200137,-0.32940768537900034,-0.5022529885586836,-0.5110856845951085,1
1.0101262813915415,-0.7034042119665803,-0.29768220359200137,-0.32940768537900034,-0.5022529885586836,-0.5110856845951085,1
1.1035085976508758,-0.7034042119665803,-0.29768220359200137,-0.32940768537900034,-0.5022529885586836,-0.5110856845951085,1
1.259145791416433,-0.7034042119665803,-0.29768220359200137,-0.32940768537900034,-0.5022529885586836,-0.5110856845951085,1
0.9478714038853187,-0.7034042119665803,-0.29768220359200137,-0.32940768537900034,-0.5022529885586836,-0.5110856845951085,1
1.259145791416433,-0.7034042119665803,-0.29768220359200137,-0.32940768537900034,-0.5022529885586836,-0.5110856845951085,1
0.9789988426384302,-0.7034042119665803,-0.29768220359200137,-0.32940768537900034,-0.5022529885586836,-0.5110856845951085,1
0.6365970163542045,-0.7034042119665803,-0.29768220359200137,-0.32940768537900034,-0.5022529885586836,-0.5110856845951085,1
1.041253720144653,-0.7034042119665803,-0.29768220359200137,-0.32940768537900034,-0.5022529885586836,-0.5110856845951085,1
0.9478714038853187,-0.7034042119665803,-0.29768220359200137,-0.32940768537900034,-0.5022529885586836,-0.5110856845951085,1
0.6054695776010931,-0.7034042119665803,-0.29768220359200137,-0.32940768537900034,-0.5022529885586836,-0.5110856845951085,1
0.6988518938604273,-0.7034042119665803,-0.29768220359200137,-0.32940768537900034,-0.5022529885586836,-0.5110856845951085,1
0.8856165263790958,-0.7034042119665803,-0.29768220359200137,-0.32940768537900034,-0.5022529885586836,-0.5110856845951085,1
0.8544890876259844,-0.7034042119665803,-0.29768220359200137,-0.32940768537900034,-0.5022529885586836,-0.5110856845951085,1
1.1035085976508758,1.9295203582812472,-0.29768220359200137,-0.32940768537900034,-0.5022529885586836,-0.5110856845951085,1
1.1968909139102102,1.9295203582812472,-0.29768220359200137,-0.32940768537900034,-0.5022529885586836,-0.5110856845951085,1
-0.6085005337702524,1.7479393534365695,-0.29768220359200137,-0.32940768537900034,-0.5022529885586836,-0.5110856845951085,1
1.041253720144653,-0.7034042119665803,-0.29768220359200137,-0.32940768537900034,-0.5022529885586836,-0.5110856845951085,1
1.0723811588977643,-0.7034042119665803,-0.29768220359200137,-0.32940768537900034,-0.5022529885586836,-0.5110856845951085,1
1.0723811588977643,-0.7034042119665803,-0.29768220359200137,-0.32940768537900034,-0.5022529885586836,-0.5110856845951085,1
0.9789988426384302,-0.7034042119665803,-0.29768220359200137,-0.32940768537900034,-0.5022529885586836,-0.5110856845951085,1
1.1968909139102102,-0.7034042119665803,-0.29768220359200137,-0.32940768537900034,-0.5022529885586836,-0.5110856845951085,1
0.823361648872873,-0.7034042119665803,-0.29768220359200137,-0.32940768537900034,-0.5022529885586836,-0.5110856845951085,1
1.0723811588977643,-0.7034042119665803,-0.29768220359200137,-0.32940768537900034,-0.5022529885586836,-0.5110856845951085,1
1.0723811588977643,-0.7034042119665803,-0.29768220359200137,-0.32940768537900034,-0.5022529885586836,-0.5110856845951085,1
0.8544890876259844,-0.7034042119665803,-0.29768220359200137,-0.32940768537900034,-0.5022529885586836,-0.5110856845951085,1
1.1035085976508758,-0.7034042119665803,-0.29768220359200137,-0.32940768537900034,-0.5022529885586836,-0.5110856845951085,1
1.0101262813915415,-0.7034042119665803,-0.29768220359200137,-0.32940768537900034,-0.5022529885586836,-0.5110856845951085,1
0.5120872613417587,0.022919807412130767,-0.29768220359200137,-0.32940768537900034,-0.5022529885586836,-0.5110856845951085,1
